-- MariaDB dump 10.19  Distrib 10.6.16-MariaDB, for Linux (x86_64)
--
-- Host: localhost    Database: local
-- ------------------------------------------------------
-- Server version	10.6.16-MariaDB-log

/*!40101 SET @OLD_CHARACTER_SET_CLIENT=@@CHARACTER_SET_CLIENT */;
/*!40101 SET @OLD_CHARACTER_SET_RESULTS=@@CHARACTER_SET_RESULTS */;
/*!40101 SET @OLD_COLLATION_CONNECTION=@@COLLATION_CONNECTION */;
/*!40101 SET NAMES utf8mb4 */;
/*!40103 SET @OLD_TIME_ZONE=@@TIME_ZONE */;
/*!40103 SET TIME_ZONE='+00:00' */;
/*!40014 SET @OLD_UNIQUE_CHECKS=@@UNIQUE_CHECKS, UNIQUE_CHECKS=0 */;
/*!40014 SET @OLD_FOREIGN_KEY_CHECKS=@@FOREIGN_KEY_CHECKS, FOREIGN_KEY_CHECKS=0 */;
/*!40101 SET @OLD_SQL_MODE=@@SQL_MODE, SQL_MODE='NO_AUTO_VALUE_ON_ZERO' */;
/*!40111 SET @OLD_SQL_NOTES=@@SQL_NOTES, SQL_NOTES=0 */;

--
-- Table structure for table `achievement`
--

DROP TABLE IF EXISTS `achievement`;
/*!40101 SET @saved_cs_client     = @@character_set_client */;
/*!40101 SET character_set_client = utf8 */;
CREATE TABLE `achievement` (
  `role_id` bigint(20) unsigned NOT NULL DEFAULT 0 COMMENT 'и§’иүІID(select_by_role_id)',
  `achievement_id` int(10) unsigned NOT NULL DEFAULT 0 COMMENT 'жҲҗе°ұID',
  `type` int(10) unsigned NOT NULL DEFAULT 0 COMMENT 'зұ»еһӢ',
  `flag` tinyint(3) unsigned GENERATED ALWAYS AS (0) VIRTUAL COMMENT 'ж ҮиҜҶ(flag)',
  PRIMARY KEY (`role_id`,`type`) USING BTREE
) ENGINE=InnoDB DEFAULT CHARSET=utf8mb4 COLLATE=utf8mb4_unicode_ci ROW_FORMAT=DYNAMIC COMMENT='и§’иүІжҲҗе°ұиЎЁ';
/*!40101 SET character_set_client = @saved_cs_client */;

--
-- Dumping data for table `achievement`
--

LOCK TABLES `achievement` WRITE;
/*!40000 ALTER TABLE `achievement` DISABLE KEYS */;
/*!40000 ALTER TABLE `achievement` ENABLE KEYS */;
UNLOCK TABLES;

--
-- Table structure for table `achievement_data`
--

DROP TABLE IF EXISTS `achievement_data`;
/*!40101 SET @saved_cs_client     = @@character_set_client */;
/*!40101 SET character_set_client = utf8 */;
CREATE TABLE `achievement_data` (
  `achievement_id` int(10) unsigned NOT NULL DEFAULT 0 COMMENT 'жҲҗе°ұID',
  `type` int(10) unsigned NOT NULL DEFAULT 0 COMMENT 'зұ»еһӢ',
  `count_type` int(10) unsigned NOT NULL DEFAULT 0 COMMENT 'з»ҹи®Ўзұ»еһӢ',
  `pre_id` int(10) unsigned NOT NULL DEFAULT 0 COMMENT 'еүҚзҪ®жҲҗе°ұ',
  `next_id` int(10) unsigned NOT NULL DEFAULT 0 COMMENT 'еҗҺзҪ®жҲҗе°ұ',
  `event` varchar(255) NOT NULL DEFAULT '' COMMENT 'дәӢд»¶(validate(event))',
  `target` int(10) unsigned NOT NULL DEFAULT 0 COMMENT 'зӣ®ж Ү',
  `number` int(10) unsigned NOT NULL DEFAULT 0 COMMENT 'ж•°йҮҸ',
  `award` varchar(255) NOT NULL DEFAULT '' COMMENT 'еҘ–еҠұ',
  `title` char(255) NOT NULL DEFAULT '' COMMENT 'ж Үйўҳ',
  `content` char(255) NOT NULL DEFAULT '' COMMENT 'еҶ…е®№',
  `description` char(255) NOT NULL DEFAULT '' COMMENT 'жҸҸиҝ°',
  PRIMARY KEY (`achievement_id`) USING BTREE
) ENGINE=InnoDB DEFAULT CHARSET=utf8mb4 COLLATE=utf8mb4_unicode_ci ROW_FORMAT=DYNAMIC COMMENT='жҲҗе°ұй…ҚзҪ®иЎЁ';
/*!40101 SET character_set_client = @saved_cs_client */;

--
-- Dumping data for table `achievement_data`
--

LOCK TABLES `achievement_data` WRITE;
/*!40000 ALTER TABLE `achievement_data` DISABLE KEYS */;
INSERT INTO `achievement_data` VALUES (1,1,1,0,2,'event_level_upgrade',0,3,'[{1,1}]','','',''),(2,1,2,1,3,'event_level_upgrade',5,1,'[{1,10}]','','',''),(3,1,3,2,0,'event_level_upgrade',2,1,'[{1,100}]','','',''),(4,2,4,0,4,'event_shop_buy',1,1,'[{1,1000}]','','',''),(5,2,5,4,5,'event_shop_buy',0,1,'[{1,1000}]','','',''),(6,2,6,5,0,'event_shop_buy',0,5,'[{1,10}]','','',''),(7,3,7,0,8,'event_dungeon_passed',3,1,'[{1,10}]','','',''),(8,3,8,8,9,'event_dungeon_passed',1,1,'[{1,10}]','','',''),(9,3,9,9,0,'event_dungeon_passed',1,1,'[{1,10}]','','','');
/*!40000 ALTER TABLE `achievement_data` ENABLE KEYS */;
UNLOCK TABLES;

--
-- Table structure for table `achievement_log`
--

DROP TABLE IF EXISTS `achievement_log`;
/*!40101 SET @saved_cs_client     = @@character_set_client */;
/*!40101 SET character_set_client = utf8 */;
CREATE TABLE `achievement_log` (
  `id` bigint(20) unsigned NOT NULL AUTO_INCREMENT COMMENT 'ID',
  `role_id` bigint(20) unsigned NOT NULL DEFAULT 0 COMMENT 'и§’иүІID',
  `achievement_id` int(10) unsigned NOT NULL DEFAULT 0 COMMENT 'жҲҗе°ұID',
  `time` int(10) unsigned NOT NULL DEFAULT 0 COMMENT 'ж—¶й—ҙ',
  PRIMARY KEY (`id`) USING BTREE,
  KEY `role_id` (`role_id`) USING BTREE,
  KEY `time` (`time`) USING BTREE
) ENGINE=InnoDB DEFAULT CHARSET=utf8mb4 COLLATE=utf8mb4_unicode_ci ROW_FORMAT=DYNAMIC COMMENT='жҲҗе°ұж—Ҙеҝ—иЎЁ';
/*!40101 SET character_set_client = @saved_cs_client */;

--
-- Dumping data for table `achievement_log`
--

LOCK TABLES `achievement_log` WRITE;
/*!40000 ALTER TABLE `achievement_log` DISABLE KEYS */;
/*!40000 ALTER TABLE `achievement_log` ENABLE KEYS */;
UNLOCK TABLES;

--
-- Table structure for table `activity_data`
--

DROP TABLE IF EXISTS `activity_data`;
/*!40101 SET @saved_cs_client     = @@character_set_client */;
/*!40101 SET character_set_client = utf8 */;
CREATE TABLE `activity_data` (
  `activity_id` int(10) unsigned NOT NULL DEFAULT 0 COMMENT 'жҙ»еҠЁID',
  `mode` tinyint(3) unsigned NOT NULL DEFAULT 0 COMMENT 'жҙ»еҠЁжЁЎејҸ(validate(node_type_integer))',
  `service` varchar(255) NOT NULL DEFAULT '' COMMENT 'жңҚеҠЎиҝӣзЁӢжЁЎеқ—(validate(module))',
  `type` int(10) unsigned NOT NULL DEFAULT 0 COMMENT 'зұ»еһӢ',
  `subtype` int(10) unsigned NOT NULL DEFAULT 0 COMMENT 'еӯҗзұ»еһӢ',
  `award_type` varchar(255) NOT NULL DEFAULT '' COMMENT 'йўҶеҘ–зұ»еһӢ(validate(receive_type))',
  `show_time` int(10) unsigned NOT NULL DEFAULT 0 COMMENT 'еӣҫж Үеұ•зӨәж—¶й—ҙ(ж—¶й—ҙжҲі)',
  `start_time` int(10) unsigned NOT NULL DEFAULT 0 COMMENT 'ејҖе§Ӣж—¶й—ҙ(ж—¶й—ҙжҲі)',
  `over_time` int(10) unsigned NOT NULL DEFAULT 0 COMMENT 'з»“жқҹж—¶й—ҙ(ж—¶й—ҙжҲі)',
  `award_time` int(10) unsigned NOT NULL DEFAULT 0 COMMENT 'йўҶеҘ–ж—¶й—ҙ(ж—¶й—ҙжҲі)',
  `stop_time` int(10) unsigned NOT NULL DEFAULT 0 COMMENT 'еӣҫж Үж¶ҲеӨұж—¶й—ҙ(ж—¶й—ҙжҲі)',
  `show_hour` int(10) unsigned NOT NULL DEFAULT 0 COMMENT 'жҜҸеӨ©еұ•зӨәе°Ҹж—¶',
  `start_hour` int(10) unsigned NOT NULL DEFAULT 0 COMMENT 'жҜҸеӨ©ејҖе§Ӣе°Ҹж—¶',
  `over_hour` int(10) unsigned NOT NULL DEFAULT 0 COMMENT 'жҜҸеӨ©з»“жқҹе°Ҹж—¶',
  `start_award_hour` int(10) unsigned NOT NULL DEFAULT 0 COMMENT 'жҜҸеӨ©йўҶеҘ–ејҖе§Ӣе°Ҹж—¶',
  `over_award_hour` int(10) unsigned NOT NULL DEFAULT 0 COMMENT 'жҜҸеӨ©йўҶеҘ–з»“жқҹе°Ҹж—¶',
  `min_open_days` int(10) unsigned NOT NULL DEFAULT 0 COMMENT 'жңҖе°ҸејҖжңҚеӨ©ж•°',
  `max_open_days` int(10) unsigned NOT NULL DEFAULT 0 COMMENT 'жңҖеӨ§ејҖжңҚеӨ©ж•°',
  `name` char(255) NOT NULL DEFAULT '' COMMENT 'жҙ»еҠЁеҗҚ',
  `icon` char(255) NOT NULL DEFAULT '' COMMENT 'жҙ»еҠЁеӣҫж Ү',
  `entrance` char(255) NOT NULL DEFAULT '' COMMENT 'жҙ»еҠЁе…ҘеҸЈ',
  `description` char(255) NOT NULL DEFAULT '' COMMENT 'жҙ»еҠЁжҸҸиҝ°',
  PRIMARY KEY (`activity_id`) USING BTREE
) ENGINE=InnoDB DEFAULT CHARSET=utf8mb4 COLLATE=utf8mb4_unicode_ci ROW_FORMAT=DYNAMIC COMMENT='жҙ»еҠЁй…ҚзҪ®иЎЁ';
/*!40101 SET character_set_client = @saved_cs_client */;

--
-- Dumping data for table `activity_data`
--

LOCK TABLES `activity_data` WRITE;
/*!40000 ALTER TABLE `activity_data` DISABLE KEYS */;
INSERT INTO `activity_data` VALUES (1,1,'auction_server',1,1,'manual',1577808000,1577808000,1577808000,1577808000,1577808000,9,10,22,22,23,3,7,'жҙ»еҠЁеҗҚ','activity.icon','activity','жҙ»еҠЁжҸҸиҝ°'),(2,2,'boss_server',1,1,'manual',1577808000,1577808000,1577808000,1577808000,1577808000,9,10,22,22,23,3,7,'жҙ»еҠЁеҗҚ','activity.icon','activity','жҙ»еҠЁжҸҸиҝ°'),(3,4,'',1,1,'manual',1577808000,1577808000,1577808000,1577808000,1577808000,9,10,22,22,23,3,7,'жҙ»еҠЁеҗҚ','activity.icon','activity','жҙ»еҠЁжҸҸиҝ°');
/*!40000 ALTER TABLE `activity_data` ENABLE KEYS */;
UNLOCK TABLES;

--
-- Table structure for table `asset`
--

DROP TABLE IF EXISTS `asset`;
/*!40101 SET @saved_cs_client     = @@character_set_client */;
/*!40101 SET character_set_client = utf8 */;
CREATE TABLE `asset` (
  `role_id` bigint(20) unsigned NOT NULL DEFAULT 0 COMMENT 'и§’иүІID',
  `gold` int(10) unsigned NOT NULL DEFAULT 0 COMMENT 'йҮ‘еёҒ',
  `silver` int(10) unsigned NOT NULL DEFAULT 0 COMMENT 'й“¶еёҒ',
  `copper` int(10) unsigned NOT NULL DEFAULT 0 COMMENT 'й“ңеёҒ',
  `coin` int(10) unsigned NOT NULL DEFAULT 0 COMMENT 'зЎ¬еёҒ',
  `exp` int(10) unsigned NOT NULL DEFAULT 0 COMMENT 'з»ҸйӘҢ',
  PRIMARY KEY (`role_id`) USING BTREE
) ENGINE=InnoDB DEFAULT CHARSET=utf8mb4 COLLATE=utf8mb4_unicode_ci ROW_FORMAT=DYNAMIC COMMENT='и§’иүІиө„дә§иЎЁ';
/*!40101 SET character_set_client = @saved_cs_client */;

--
-- Dumping data for table `asset`
--

LOCK TABLES `asset` WRITE;
/*!40000 ALTER TABLE `asset` DISABLE KEYS */;
/*!40000 ALTER TABLE `asset` ENABLE KEYS */;
UNLOCK TABLES;

--
-- Table structure for table `asset_consume_count`
--

DROP TABLE IF EXISTS `asset_consume_count`;
/*!40101 SET @saved_cs_client     = @@character_set_client */;
/*!40101 SET character_set_client = utf8 */;
CREATE TABLE `asset_consume_count` (
  `role_id` bigint(20) unsigned NOT NULL DEFAULT 0 COMMENT 'и§’иүІID(select_by_role_id)',
  `asset` varchar(10) NOT NULL DEFAULT '' COMMENT 'иө„дә§зұ»еһӢ',
  `asset_name` char(10) NOT NULL DEFAULT '' COMMENT 'иө„дә§зұ»еһӢеҗҚеӯ—',
  `to` varchar(255) NOT NULL DEFAULT '' COMMENT 'еҺ»еҗ‘',
  `to_name` char(255) NOT NULL DEFAULT '' COMMENT 'еҺ»еҗ‘еҗҚеӯ—',
  `number` int(10) unsigned NOT NULL DEFAULT 0 COMMENT 'ж•°йҮҸ',
  `time` int(10) unsigned NOT NULL DEFAULT 0 COMMENT 'ж—¶й—ҙ',
  `flag` tinyint(3) unsigned GENERATED ALWAYS AS (0) VIRTUAL COMMENT 'ж ҮиҜҶ(flag)',
  PRIMARY KEY (`role_id`,`asset`,`to`) USING BTREE,
  KEY `time` (`time`) USING BTREE
) ENGINE=InnoDB DEFAULT CHARSET=utf8mb4 COLLATE=utf8mb4_unicode_ci ROW_FORMAT=DYNAMIC COMMENT='иө„дә§ж¶ҲиҖ—з»ҹи®Ў';
/*!40101 SET character_set_client = @saved_cs_client */;

--
-- Dumping data for table `asset_consume_count`
--

LOCK TABLES `asset_consume_count` WRITE;
/*!40000 ALTER TABLE `asset_consume_count` DISABLE KEYS */;
/*!40000 ALTER TABLE `asset_consume_count` ENABLE KEYS */;
UNLOCK TABLES;

--
-- Table structure for table `asset_consume_log`
--

DROP TABLE IF EXISTS `asset_consume_log`;
/*!40101 SET @saved_cs_client     = @@character_set_client */;
/*!40101 SET character_set_client = utf8 */;
CREATE TABLE `asset_consume_log` (
  `id` bigint(20) unsigned NOT NULL AUTO_INCREMENT COMMENT 'ID',
  `role_id` bigint(20) unsigned NOT NULL DEFAULT 0 COMMENT 'и§’иүІID',
  `asset` varchar(32) NOT NULL DEFAULT '0' COMMENT 'иө„дә§',
  `asset_id` int(10) unsigned NOT NULL DEFAULT 0 COMMENT 'иө„дә§ID',
  `number` int(10) unsigned NOT NULL DEFAULT 0 COMMENT 'ж•°йҮҸ',
  `operation` varchar(32) NOT NULL DEFAULT '' COMMENT 'ж“ҚдҪң',
  `from` varchar(32) NOT NULL DEFAULT '' COMMENT 'жқҘжәҗ',
  `time` int(10) unsigned NOT NULL DEFAULT 0 COMMENT 'ж—¶й—ҙ',
  PRIMARY KEY (`id`) USING BTREE,
  KEY `role_id` (`role_id`) USING BTREE,
  KEY `asset` (`asset`) USING BTREE,
  KEY `asset_id` (`asset_id`) USING BTREE,
  KEY `from` (`from`) USING BTREE,
  KEY `time` (`time`) USING BTREE
) ENGINE=InnoDB DEFAULT CHARSET=utf8mb4 COLLATE=utf8mb4_unicode_ci ROW_FORMAT=DYNAMIC COMMENT='иө„дә§ж¶Ҳиҙ№ж—Ҙеҝ—иЎЁ';
/*!40101 SET character_set_client = @saved_cs_client */;

--
-- Dumping data for table `asset_consume_log`
--

LOCK TABLES `asset_consume_log` WRITE;
/*!40000 ALTER TABLE `asset_consume_log` DISABLE KEYS */;
/*!40000 ALTER TABLE `asset_consume_log` ENABLE KEYS */;
UNLOCK TABLES;

--
-- Table structure for table `asset_data`
--

DROP TABLE IF EXISTS `asset_data`;
/*!40101 SET @saved_cs_client     = @@character_set_client */;
/*!40101 SET character_set_client = utf8 */;
CREATE TABLE `asset_data` (
  `asset` varchar(255) NOT NULL DEFAULT '' COMMENT 'иө„дә§зұ»еһӢ',
  `item_id` int(10) unsigned NOT NULL DEFAULT 0 COMMENT 'зү©е“Ғй…ҚзҪ®ID',
  PRIMARY KEY (`asset`) USING BTREE
) ENGINE=InnoDB DEFAULT CHARSET=utf8mb4 COLLATE=utf8mb4_unicode_ci ROW_FORMAT=DYNAMIC COMMENT='иө„дә§зү©е“Ғжҳ е°„й…ҚзҪ®иЎЁ';
/*!40101 SET character_set_client = @saved_cs_client */;

--
-- Dumping data for table `asset_data`
--

LOCK TABLES `asset_data` WRITE;
/*!40000 ALTER TABLE `asset_data` DISABLE KEYS */;
INSERT INTO `asset_data` VALUES ('coin',100004),('copper',100003),('exp',100005),('gold',100001),('silver',100002);
/*!40000 ALTER TABLE `asset_data` ENABLE KEYS */;
UNLOCK TABLES;

--
-- Table structure for table `asset_produce_count`
--

DROP TABLE IF EXISTS `asset_produce_count`;
/*!40101 SET @saved_cs_client     = @@character_set_client */;
/*!40101 SET character_set_client = utf8 */;
CREATE TABLE `asset_produce_count` (
  `role_id` bigint(20) unsigned NOT NULL DEFAULT 0 COMMENT 'и§’иүІID(select_by_role_id)',
  `asset` varchar(10) NOT NULL DEFAULT '' COMMENT 'иө„дә§зұ»еһӢ',
  `asset_name` char(10) NOT NULL DEFAULT '' COMMENT 'иө„дә§зұ»еһӢеҗҚеӯ—',
  `from` varchar(255) NOT NULL DEFAULT '' COMMENT 'жқҘжәҗ',
  `from_name` char(255) NOT NULL DEFAULT '' COMMENT 'жқҘжәҗеҗҚеӯ—',
  `number` int(10) unsigned NOT NULL DEFAULT 0 COMMENT 'ж•°йҮҸ',
  `time` int(10) unsigned NOT NULL DEFAULT 0 COMMENT 'ж—¶й—ҙ',
  `flag` tinyint(3) unsigned GENERATED ALWAYS AS (0) VIRTUAL COMMENT 'ж ҮиҜҶ(flag)',
  PRIMARY KEY (`role_id`,`asset`,`from`) USING BTREE,
  KEY `time` (`time`) USING BTREE
) ENGINE=InnoDB DEFAULT CHARSET=utf8mb4 COLLATE=utf8mb4_unicode_ci ROW_FORMAT=DYNAMIC COMMENT='иө„дә§дә§еҮәз»ҹи®Ў';
/*!40101 SET character_set_client = @saved_cs_client */;

--
-- Dumping data for table `asset_produce_count`
--

LOCK TABLES `asset_produce_count` WRITE;
/*!40000 ALTER TABLE `asset_produce_count` DISABLE KEYS */;
/*!40000 ALTER TABLE `asset_produce_count` ENABLE KEYS */;
UNLOCK TABLES;

--
-- Table structure for table `asset_produce_log`
--

DROP TABLE IF EXISTS `asset_produce_log`;
/*!40101 SET @saved_cs_client     = @@character_set_client */;
/*!40101 SET character_set_client = utf8 */;
CREATE TABLE `asset_produce_log` (
  `id` bigint(20) unsigned NOT NULL AUTO_INCREMENT COMMENT 'ID',
  `role_id` bigint(20) unsigned NOT NULL DEFAULT 0 COMMENT 'и§’иүІID',
  `asset` varchar(32) NOT NULL DEFAULT '0' COMMENT 'иө„дә§',
  `asset_id` int(10) unsigned NOT NULL DEFAULT 0 COMMENT 'иө„дә§ID',
  `number` int(10) unsigned NOT NULL DEFAULT 0 COMMENT 'ж•°йҮҸ',
  `operation` varchar(32) NOT NULL DEFAULT '' COMMENT 'ж“ҚдҪң',
  `from` varchar(32) NOT NULL DEFAULT '' COMMENT 'жқҘжәҗ',
  `time` int(10) unsigned NOT NULL DEFAULT 0 COMMENT 'ж—¶й—ҙ',
  PRIMARY KEY (`id`) USING BTREE,
  KEY `role_id` (`role_id`) USING BTREE,
  KEY `asset` (`asset`) USING BTREE,
  KEY `asset_id` (`asset_id`) USING BTREE,
  KEY `from` (`from`) USING BTREE,
  KEY `time` (`time`) USING BTREE
) ENGINE=InnoDB DEFAULT CHARSET=utf8mb4 COLLATE=utf8mb4_unicode_ci ROW_FORMAT=DYNAMIC COMMENT='иө„дә§дә§еҮәж—Ҙеҝ—иЎЁ';
/*!40101 SET character_set_client = @saved_cs_client */;

--
-- Dumping data for table `asset_produce_log`
--

LOCK TABLES `asset_produce_log` WRITE;
/*!40000 ALTER TABLE `asset_produce_log` DISABLE KEYS */;
/*!40000 ALTER TABLE `asset_produce_log` ENABLE KEYS */;
UNLOCK TABLES;

--
-- Table structure for table `attribute_data`
--

DROP TABLE IF EXISTS `attribute_data`;
/*!40101 SET @saved_cs_client     = @@character_set_client */;
/*!40101 SET character_set_client = utf8 */;
CREATE TABLE `attribute_data` (
  `attribute_id` int(10) unsigned NOT NULL DEFAULT 0 COMMENT 'еұһжҖ§ID',
  `attribute` varchar(255) NOT NULL DEFAULT '' COMMENT 'еұһжҖ§',
  `type` varchar(255) NOT NULL DEFAULT '' COMMENT 'зұ»еһӢ(еӣәе®ҡеҖј/дёҮеҲҶжҜ”)',
  `merge` varchar(255) NOT NULL DEFAULT '' COMMENT 'еҗҲе№¶и®Ўз®—е…¬ејҸ',
  `effect` varchar(255) NOT NULL DEFAULT '' COMMENT 'ж•Ҳжһң',
  `name` char(255) NOT NULL DEFAULT '' COMMENT 'еҗҚеӯ—',
  `description` char(255) NOT NULL DEFAULT '' COMMENT 'жҸҸиҝ°',
  PRIMARY KEY (`attribute_id`) USING BTREE
) ENGINE=InnoDB DEFAULT CHARSET=utf8mb4 COLLATE=utf8mb4_unicode_ci ROW_FORMAT=DYNAMIC COMMENT='еұһжҖ§й…ҚзҪ®иЎЁ';
/*!40101 SET character_set_client = @saved_cs_client */;

--
-- Dumping data for table `attribute_data`
--

LOCK TABLES `attribute_data` WRITE;
/*!40000 ALTER TABLE `attribute_data` DISABLE KEYS */;
INSERT INTO `attribute_data` VALUES (2,'hp','fix','','','иЎҖйҮҸ','иЎҖйҮҸ'),(3,'attack','fix','attack','','ж”»еҮ»','ж”»еҮ»'),(4,'defense','fix','defense','','йҳІеҫЎ','йҳІеҫЎ'),(5,'health','fix','health','','з”ҹе‘Ҫ','з”ҹе‘Ҫ'),(6,'hit','fix','hit','','е‘Ҫдёӯ','е‘Ҫдёӯ'),(7,'duck','fix','duck','','й—ӘйҒҝ','й—ӘйҒҝ'),(8,'freeze','fix','','cannot_be_attack','еҶ°еҶ»','еҶ°еҶ»'),(9,'destroy','fix','','','жҜҒзҒӯ','жҜҒзҒӯ'),(10,'vertigo','fix','','','зң©жҷ•','зң©жҷ•');
/*!40000 ALTER TABLE `attribute_data` ENABLE KEYS */;
UNLOCK TABLES;

--
-- Table structure for table `auction`
--

DROP TABLE IF EXISTS `auction`;
/*!40101 SET @saved_cs_client     = @@character_set_client */;
/*!40101 SET character_set_client = utf8 */;
CREATE TABLE `auction` (
  `auction_no` bigint(20) unsigned NOT NULL AUTO_INCREMENT COMMENT 'жӢҚе“Ғзј–еҸ·',
  `auction_id` int(10) unsigned NOT NULL DEFAULT 0 COMMENT 'жӢҚе“ҒID',
  `number` int(10) unsigned NOT NULL DEFAULT 0 COMMENT 'жӢҚе“Ғж•°йҮҸ',
  `type` tinyint(3) unsigned NOT NULL DEFAULT 0 COMMENT 'жӢҚеҚ–зұ»еһӢ(1:е…ЁжңҚ/2:е…¬дјҡ)',
  `bid_type` int(10) unsigned NOT NULL DEFAULT 0 COMMENT 'з«һжӢҚзұ»еһӢ(1:з«һд»·/2:дёҖеҸЈд»·)',
  `start_time` int(10) unsigned NOT NULL DEFAULT 0 COMMENT 'ејҖе§Ӣж—¶й—ҙ',
  `end_time` int(10) unsigned NOT NULL DEFAULT 0 COMMENT 'з»“жқҹж—¶й—ҙ',
  `from` varchar(32) NOT NULL DEFAULT '' COMMENT 'зү©е“ҒжқҘжәҗ',
  `bid_number` int(10) unsigned NOT NULL DEFAULT 0 COMMENT 'еҠ д»·ж¬Ўж•°',
  `now_price` int(10) unsigned NOT NULL DEFAULT 0 COMMENT 'еҪ“еүҚд»·ж ј',
  `next_price` int(10) unsigned NOT NULL DEFAULT 0 COMMENT 'дёӢж¬ЎеҮәд»·зҡ„д»·ж ј',
  `seller_list` varchar(0) GENERATED ALWAYS AS ('') VIRTUAL COMMENT 'еҚ–е®¶еҲ—иЎЁ',
  `bidder_list` varchar(0) GENERATED ALWAYS AS ('') VIRTUAL COMMENT 'д№°е®¶еҲ—иЎЁ',
  `guild_id` bigint(20) unsigned NOT NULL DEFAULT 0 COMMENT 'е…¬дјҡID',
  `timer` tinyint(3) unsigned GENERATED ALWAYS AS (0) VIRTUAL COMMENT 'е®ҡж—¶еҷЁ',
  `flag` tinyint(3) unsigned GENERATED ALWAYS AS (0) VIRTUAL COMMENT 'ж ҮиҜҶ(flag)',
  PRIMARY KEY (`auction_no`) USING BTREE
) ENGINE=InnoDB DEFAULT CHARSET=utf8mb4 COLLATE=utf8mb4_unicode_ci ROW_FORMAT=DYNAMIC COMMENT='жӢҚеҚ–дҝЎжҒҜиЎЁ';
/*!40101 SET character_set_client = @saved_cs_client */;

--
-- Dumping data for table `auction`
--

LOCK TABLES `auction` WRITE;
/*!40000 ALTER TABLE `auction` DISABLE KEYS */;
/*!40000 ALTER TABLE `auction` ENABLE KEYS */;
UNLOCK TABLES;

--
-- Table structure for table `auction_data`
--

DROP TABLE IF EXISTS `auction_data`;
/*!40101 SET @saved_cs_client     = @@character_set_client */;
/*!40101 SET character_set_client = utf8 */;
CREATE TABLE `auction_data` (
  `auction_id` int(10) unsigned NOT NULL DEFAULT 0 COMMENT 'жӢҚе“ҒID',
  `bid_type` int(10) unsigned NOT NULL DEFAULT 0 COMMENT 'з«һжӢҚзұ»еһӢ(1:з«һд»·/2:дёҖеҸЈд»·)',
  `begin_price` int(10) unsigned NOT NULL DEFAULT 0 COMMENT 'еә•д»·',
  `add_price` int(10) unsigned NOT NULL DEFAULT 0 COMMENT 'жҜҸж¬ЎеҠ д»·',
  `tax` int(10) unsigned NOT NULL DEFAULT 0 COMMENT 'зЁҺж”¶',
  `show_time` int(10) unsigned NOT NULL DEFAULT 0 COMMENT 'йў„и§Ҳж—¶й—ҙ',
  `auction_time` int(10) unsigned NOT NULL DEFAULT 0 COMMENT 'жӢҚеҚ–ж—¶й—ҙ',
  `critical_time` int(10) unsigned NOT NULL DEFAULT 0 COMMENT 'дёҙз•Ңж—¶й—ҙ(еҮәд»·еҠ ж—¶зҡ„дёҙз•Ңж—¶й—ҙ)',
  `overtime` int(10) unsigned NOT NULL DEFAULT 0 COMMENT 'е»¶иҝҹж—¶й—ҙ(еҮәд»·еҠ ж—¶зҡ„ж—¶й—ҙ)',
  PRIMARY KEY (`auction_id`) USING BTREE
) ENGINE=InnoDB DEFAULT CHARSET=utf8mb4 COLLATE=utf8mb4_unicode_ci ROW_FORMAT=DYNAMIC COMMENT='жӢҚеҚ–й…ҚзҪ®иЎЁ';
/*!40101 SET character_set_client = @saved_cs_client */;

--
-- Dumping data for table `auction_data`
--

LOCK TABLES `auction_data` WRITE;
/*!40000 ALTER TABLE `auction_data` DISABLE KEYS */;
INSERT INTO `auction_data` VALUES (1,1,1,1,0,0,0,0,0);
/*!40000 ALTER TABLE `auction_data` ENABLE KEYS */;
UNLOCK TABLES;

--
-- Table structure for table `auction_log`
--

DROP TABLE IF EXISTS `auction_log`;
/*!40101 SET @saved_cs_client     = @@character_set_client */;
/*!40101 SET character_set_client = utf8 */;
CREATE TABLE `auction_log` (
  `id` bigint(20) unsigned NOT NULL AUTO_INCREMENT COMMENT 'ID',
  `auction_id` int(10) unsigned NOT NULL DEFAULT 0 COMMENT 'жӢҚе“ҒID',
  `number` int(10) unsigned NOT NULL DEFAULT 0 COMMENT 'жӢҚе“Ғж•°йҮҸ',
  `bid_number` int(10) unsigned NOT NULL DEFAULT 0 COMMENT 'еҠ д»·ж¬Ўж•°',
  `price` int(10) unsigned NOT NULL DEFAULT 0 COMMENT 'жҲҗдәӨд»·',
  `role_id` bigint(20) unsigned NOT NULL DEFAULT 0 COMMENT 'иҺ·еҫ—иҖ…ID',
  `role_name` char(16) NOT NULL DEFAULT '' COMMENT 'иҺ·еҫ—иҖ…еҗҚеӯ—',
  `server_id` int(10) unsigned NOT NULL DEFAULT 0 COMMENT 'иҺ·еҫ—иҖ…жңҚеҠЎеҷЁID',
  `time` int(10) unsigned NOT NULL DEFAULT 0 COMMENT 'ж—¶й—ҙ',
  PRIMARY KEY (`id`) USING BTREE,
  KEY `role_id` (`role_id`) USING BTREE,
  KEY `time` (`time`) USING BTREE
) ENGINE=InnoDB DEFAULT CHARSET=utf8mb4 COLLATE=utf8mb4_unicode_ci ROW_FORMAT=DYNAMIC COMMENT='жӢҚеҚ–ж—Ҙеҝ—иЎЁ';
/*!40101 SET character_set_client = @saved_cs_client */;

--
-- Dumping data for table `auction_log`
--

LOCK TABLES `auction_log` WRITE;
/*!40000 ALTER TABLE `auction_log` DISABLE KEYS */;
/*!40000 ALTER TABLE `auction_log` ENABLE KEYS */;
UNLOCK TABLES;

--
-- Table structure for table `auction_role`
--

DROP TABLE IF EXISTS `auction_role`;
/*!40101 SET @saved_cs_client     = @@character_set_client */;
/*!40101 SET character_set_client = utf8 */;
CREATE TABLE `auction_role` (
  `auction_no` bigint(20) unsigned NOT NULL DEFAULT 0 COMMENT 'жӢҚе“Ғзј–еҸ·(delete_by_no)',
  `server_id` int(10) unsigned NOT NULL DEFAULT 0 COMMENT 'жңҚеҠЎеҷЁID',
  `role_id` bigint(20) unsigned NOT NULL DEFAULT 0 COMMENT 'еҮәд»·иҖ…ID',
  `role_name` char(16) NOT NULL DEFAULT '' COMMENT 'еҮәд»·иҖ…еҗҚеӯ—',
  `guild_id` bigint(20) unsigned NOT NULL DEFAULT 0 COMMENT 'еҮәд»·иҖ…е…¬дјҡID',
  `guild_name` char(16) NOT NULL DEFAULT '' COMMENT 'еҮәд»·иҖ…е…¬дјҡеҗҚеӯ—',
  `type` tinyint(3) unsigned NOT NULL DEFAULT 0 COMMENT 'и§’иүІзұ»еһӢ(1:еҚ–е®¶/2:д№°е®¶)',
  `price` int(10) unsigned NOT NULL DEFAULT 0 COMMENT 'еҪ“еүҚд»·ж ј',
  `time` int(10) unsigned NOT NULL DEFAULT 0 COMMENT 'ж—¶й—ҙ',
  `flag` tinyint(3) unsigned GENERATED ALWAYS AS (0) VIRTUAL COMMENT 'ж ҮиҜҶ(flag)',
  PRIMARY KEY (`auction_no`,`role_id`) USING BTREE
) ENGINE=InnoDB DEFAULT CHARSET=utf8mb4 COLLATE=utf8mb4_unicode_ci ROW_FORMAT=DYNAMIC COMMENT='жӢҚеҚ–и§’иүІиЎЁ';
/*!40101 SET character_set_client = @saved_cs_client */;

--
-- Dumping data for table `auction_role`
--

LOCK TABLES `auction_role` WRITE;
/*!40000 ALTER TABLE `auction_role` DISABLE KEYS */;
/*!40000 ALTER TABLE `auction_role` ENABLE KEYS */;
UNLOCK TABLES;

--
-- Table structure for table `bubble`
--

DROP TABLE IF EXISTS `bubble`;
/*!40101 SET @saved_cs_client     = @@character_set_client */;
/*!40101 SET character_set_client = utf8 */;
CREATE TABLE `bubble` (
  `role_id` bigint(20) unsigned NOT NULL DEFAULT 0 COMMENT 'и§’иүІID(select_by_role_id)',
  `bubble_id` int(10) unsigned NOT NULL DEFAULT 0 COMMENT 'ж°”жіЎID',
  `type` int(10) unsigned NOT NULL DEFAULT 0 COMMENT 'зұ»еһӢ',
  `expire_time` int(10) unsigned NOT NULL DEFAULT 0 COMMENT 'иҝҮжңҹж—¶й—ҙ',
  `flag` tinyint(3) unsigned GENERATED ALWAYS AS (0) VIRTUAL COMMENT 'ж ҮиҜҶ(flag)',
  PRIMARY KEY (`role_id`,`bubble_id`)
) ENGINE=InnoDB DEFAULT CHARSET=utf8mb3 COLLATE=utf8mb3_general_ci COMMENT='иҒҠеӨ©ж°”жіЎж•°жҚ®';
/*!40101 SET character_set_client = @saved_cs_client */;

--
-- Dumping data for table `bubble`
--

LOCK TABLES `bubble` WRITE;
/*!40000 ALTER TABLE `bubble` DISABLE KEYS */;
/*!40000 ALTER TABLE `bubble` ENABLE KEYS */;
UNLOCK TABLES;

--
-- Table structure for table `bubble_data`
--

DROP TABLE IF EXISTS `bubble_data`;
/*!40101 SET @saved_cs_client     = @@character_set_client */;
/*!40101 SET character_set_client = utf8 */;
CREATE TABLE `bubble_data` (
  `bubble_id` int(10) unsigned NOT NULL DEFAULT 0 COMMENT 'ж°”жіЎID',
  `type` int(10) unsigned NOT NULL DEFAULT 0 COMMENT 'зұ»еһӢ',
  `tag` int(10) unsigned NOT NULL DEFAULT 0 COMMENT 'ж Үзӯҫ',
  `expire_time` int(10) unsigned NOT NULL DEFAULT 0 COMMENT 'иҝҮжңҹж—¶й—ҙ',
  `name` char(255) CHARACTER SET utf8mb4 COLLATE utf8mb4_unicode_ci NOT NULL DEFAULT '' COMMENT 'ж°”жіЎеҗҚз§°',
  `description` char(255) CHARACTER SET utf8mb4 COLLATE utf8mb4_unicode_ci NOT NULL DEFAULT '' COMMENT 'ж°”жіЎжҸҸиҝ°',
  PRIMARY KEY (`bubble_id`) USING BTREE
) ENGINE=InnoDB DEFAULT CHARSET=utf8mb3 COLLATE=utf8mb3_general_ci COMMENT='иҒҠеӨ©ж°”жіЎй…ҚзҪ®';
/*!40101 SET character_set_client = @saved_cs_client */;

--
-- Dumping data for table `bubble_data`
--

LOCK TABLES `bubble_data` WRITE;
/*!40000 ALTER TABLE `bubble_data` DISABLE KEYS */;
INSERT INTO `bubble_data` VALUES (101,1,0,0,'VIP1еҸҜиҺ·еҫ—','е°ҸиҜ•зүӣеҲҖ'),(102,1,0,0,'VIP2еҸҜиҺ·еҫ—','жңүй’ұд»»жҖ§'),(103,1,0,0,'VIP3еҸҜиҺ·еҫ—','дёҖжҺ·еҚғйҮ‘'),(104,1,0,0,'VIP4еҸҜиҺ·еҫ—','и…°зј дёҮиҙҜ'),(105,1,0,0,'VIP5еҸҜиҺ·еҫ—','жҢҘйҮ‘еҰӮеңҹ'),(106,1,0,0,'VIP6еҸҜиҺ·еҫ—','еҜҢз”ІеӨ©дёӢ'),(107,1,0,0,'VIP7еҸҜиҺ·еҫ—','еҜҢеҸҜж•ҢеӣҪ'),(108,1,0,0,'VIP8еҸҜиҺ·еҫ—','дәәз”ҹе·…еі°'),(109,1,0,0,'VIP9еҸҜиҺ·еҫ—','иҮіе°ҠзҺӢиҖ…'),(110,1,0,0,'VIP0еҸҜиҺ·еҫ—','й«ҳжүӢеҜ№еҶі'),(201,2,0,0,'ејҖжңҚеҶІжҰңжҙ»еҠЁиҺ·еҸ–','жӯҰиүәи¶…зҫӨ'),(202,2,0,0,'ејҖжңҚеҶІжҰңжҙ»еҠЁиҺ·еҸ–','еҮәзҘһе…ҘеҢ–'),(203,2,0,0,'ејҖжңҚеҶІжҰңжҙ»еҠЁиҺ·еҸ–','д»ҷжӯҰдё»е®°'),(204,2,0,0,'ејҖжңҚеҶІжҰңжҙ»еҠЁиҺ·еҸ–','й”»йҖ еӨ§еёҲ'),(205,2,0,0,'ејҖжңҚеҶІжҰңжҙ»еҠЁиҺ·еҸ–','й»‘жҡ—дё»е®°'),(206,2,0,0,'ејҖжңҚеҶІжҰңжҙ»еҠЁиҺ·еҸ–','иҒҡйӯӮе…Ҳй”Ӣ'),(207,2,0,0,'ејҖжңҚеҶІжҰңжҙ»еҠЁиҺ·еҸ–','е…ЁиҒҢй«ҳжүӢ'),(208,2,0,0,'ејҖжңҚеҶІжҰңжҙ»еҠЁиҺ·еҸ–','дәәдёӯд№Ӣйҫҷ'),(209,2,0,0,'ејҖжңҚеҶІжҰңжҙ»еҠЁиҺ·еҸ–','еӢҮиҖ…ж— з•Ҹ'),(210,2,0,0,'ејҖжңҚеҶІжҰңжҙ»еҠЁиҺ·еҸ–','з§°йңёеӨ©дёӢ'),(10010,3,0,0,'е……еҖјиҺ·еҸ–','еҪ’йҡҗеұұжһ—');
/*!40000 ALTER TABLE `bubble_data` ENABLE KEYS */;
UNLOCK TABLES;

--
-- Table structure for table `bubble_log`
--

DROP TABLE IF EXISTS `bubble_log`;
/*!40101 SET @saved_cs_client     = @@character_set_client */;
/*!40101 SET character_set_client = utf8 */;
CREATE TABLE `bubble_log` (
  `id` bigint(20) unsigned NOT NULL AUTO_INCREMENT COMMENT 'ID',
  `role_id` bigint(20) unsigned NOT NULL DEFAULT 0 COMMENT 'и§’иүІID',
  `bubble_id` int(10) unsigned NOT NULL DEFAULT 0 COMMENT 'ж°”жіЎID',
  `from` varchar(32) NOT NULL DEFAULT '' COMMENT 'жқҘжәҗ',
  `time` int(10) unsigned NOT NULL DEFAULT 0 COMMENT 'ж—¶й—ҙ',
  PRIMARY KEY (`id`) USING BTREE,
  KEY `role_id` (`role_id`) USING BTREE,
  KEY `time` (`time`) USING BTREE
) ENGINE=InnoDB DEFAULT CHARSET=utf8mb4 COLLATE=utf8mb4_unicode_ci ROW_FORMAT=DYNAMIC COMMENT='ж°”жіЎж—Ҙеҝ—иЎЁ';
/*!40101 SET character_set_client = @saved_cs_client */;

--
-- Dumping data for table `bubble_log`
--

LOCK TABLES `bubble_log` WRITE;
/*!40000 ALTER TABLE `bubble_log` DISABLE KEYS */;
/*!40000 ALTER TABLE `bubble_log` ENABLE KEYS */;
UNLOCK TABLES;

--
-- Table structure for table `buff`
--

DROP TABLE IF EXISTS `buff`;
/*!40101 SET @saved_cs_client     = @@character_set_client */;
/*!40101 SET character_set_client = utf8 */;
CREATE TABLE `buff` (
  `role_id` bigint(20) unsigned NOT NULL DEFAULT 0 COMMENT 'и§’иүІID(select_by_role_id)',
  `buff_id` int(10) unsigned NOT NULL DEFAULT 0 COMMENT 'зҠ¶жҖҒеўһзӣҠID',
  `expire_time` int(10) unsigned NOT NULL DEFAULT 0 COMMENT 'иҝҮжңҹж—¶й—ҙ',
  `overlap` int(10) unsigned NOT NULL DEFAULT 1 COMMENT 'еҸ еҠ ж•°',
  `flag` tinyint(3) unsigned GENERATED ALWAYS AS (0) VIRTUAL COMMENT 'ж ҮиҜҶ(flag)',
  PRIMARY KEY (`role_id`,`buff_id`) USING BTREE
) ENGINE=InnoDB DEFAULT CHARSET=utf8mb4 COLLATE=utf8mb4_unicode_ci ROW_FORMAT=DYNAMIC COMMENT='и§’иүІbuffиЎЁ';
/*!40101 SET character_set_client = @saved_cs_client */;

--
-- Dumping data for table `buff`
--

LOCK TABLES `buff` WRITE;
/*!40000 ALTER TABLE `buff` DISABLE KEYS */;
/*!40000 ALTER TABLE `buff` ENABLE KEYS */;
UNLOCK TABLES;

--
-- Table structure for table `buff_data`
--

DROP TABLE IF EXISTS `buff_data`;
/*!40101 SET @saved_cs_client     = @@character_set_client */;
/*!40101 SET character_set_client = utf8 */;
CREATE TABLE `buff_data` (
  `buff_id` int(10) unsigned NOT NULL DEFAULT 0 COMMENT 'еўһзӣҠзҠ¶жҖҒ(Buff)ID',
  `type` int(10) unsigned NOT NULL DEFAULT 0 COMMENT 'зұ»еһӢ',
  `expire_time` int(10) unsigned NOT NULL DEFAULT 0 COMMENT 'иҝҮжңҹж—¶й—ҙ',
  `attribute` varchar(255) NOT NULL DEFAULT '' COMMENT 'еұһжҖ§',
  `effect` varchar(255) NOT NULL DEFAULT '' COMMENT 'ж•Ҳжһң',
  `is_temporary` varchar(255) NOT NULL DEFAULT '' COMMENT 'жҳҜеҗҰдёҙж—¶зҡ„(еҲҮең°еӣҫеӨұж•Ҳ)(validate(boolean))',
  `overlap_type` tinyint(3) unsigned NOT NULL DEFAULT 0 COMMENT 'еҸ еҠ зұ»еһӢ(validate(overlap_type))',
  `name` char(255) NOT NULL DEFAULT '' COMMENT 'еҗҚеӯ—',
  `description` char(255) NOT NULL DEFAULT '' COMMENT 'жҸҸиҝ°',
  PRIMARY KEY (`buff_id`) USING BTREE
) ENGINE=InnoDB DEFAULT CHARSET=utf8mb4 COLLATE=utf8mb4_unicode_ci ROW_FORMAT=DYNAMIC COMMENT='buffй…ҚзҪ®иЎЁ';
/*!40101 SET character_set_client = @saved_cs_client */;

--
-- Dumping data for table `buff_data`
--

LOCK TABLES `buff_data` WRITE;
/*!40000 ALTER TABLE `buff_data` DISABLE KEYS */;
INSERT INTO `buff_data` VALUES (1,1,1800,'','[9]','false',3,'й“ңеёҒ',''),(2,1,3600,'','[10]','false',3,'з»ҸйӘҢ',''),(3,2,0,'[{3,100}]','','false',2,'ж”»еҮ»',''),(4,2,0,'[{4,100}]','','false',2,'йҳІеҫЎ',''),(5,2,60,'','[3]','false',1,'зң©жҷ•',''),(6,3,60,'','[5]','false',0,'жүЈиЎҖ','');
/*!40000 ALTER TABLE `buff_data` ENABLE KEYS */;
UNLOCK TABLES;

--
-- Table structure for table `charge`
--

DROP TABLE IF EXISTS `charge`;
/*!40101 SET @saved_cs_client     = @@character_set_client */;
/*!40101 SET character_set_client = utf8 */;
CREATE TABLE `charge` (
  `charge_no` bigint(20) unsigned NOT NULL AUTO_INCREMENT COMMENT 'е……еҖјзј–еҸ·',
  `charge_id` int(10) unsigned NOT NULL DEFAULT 0 COMMENT 'е……еҖјID',
  `order_id` char(255) NOT NULL DEFAULT '' COMMENT 'и®ўеҚ•ID',
  `channel` char(255) NOT NULL DEFAULT '' COMMENT 'жё йҒ“',
  `role_id` bigint(20) unsigned NOT NULL DEFAULT 0 COMMENT 'зҺ©е®¶ID',
  `role_name` char(16) NOT NULL DEFAULT '' COMMENT 'зҺ©е®¶еҗҚз§°',
  `money` decimal(10,2) unsigned NOT NULL DEFAULT 0.00 COMMENT 'е……еҖјйҮ‘йўқ',
  `status` tinyint(3) unsigned NOT NULL DEFAULT 0 COMMENT 'зҠ¶жҖҒ(update_status)',
  `time` int(10) unsigned NOT NULL DEFAULT 0 COMMENT 'и®ўеҚ•ж—¶й—ҙ',
  PRIMARY KEY (`charge_no`) USING BTREE,
  UNIQUE KEY `order_id` (`order_id`) USING BTREE,
  KEY `channel` (`channel`) USING BTREE,
  KEY `time` (`time`) USING BTREE,
  KEY `role_id` (`role_id`) USING BTREE
) ENGINE=InnoDB DEFAULT CHARSET=utf8mb4 COLLATE=utf8mb4_unicode_ci ROW_FORMAT=DYNAMIC COMMENT='и§’иүІе……еҖји®ўеҚ•иЎЁ';
/*!40101 SET character_set_client = @saved_cs_client */;

--
-- Dumping data for table `charge`
--

LOCK TABLES `charge` WRITE;
/*!40000 ALTER TABLE `charge` DISABLE KEYS */;
/*!40000 ALTER TABLE `charge` ENABLE KEYS */;
UNLOCK TABLES;

--
-- Table structure for table `charge_data`
--

DROP TABLE IF EXISTS `charge_data`;
/*!40101 SET @saved_cs_client     = @@character_set_client */;
/*!40101 SET character_set_client = utf8 */;
CREATE TABLE `charge_data` (
  `charge_id` int(10) unsigned NOT NULL DEFAULT 0 COMMENT 'е……еҖјID',
  `type` int(10) unsigned NOT NULL DEFAULT 0 COMMENT 'зұ»еһӢ(жҷ®йҖҡе……еҖј:0/иҙӯд№°жңҲеҚЎ:1)',
  `limit` int(10) unsigned NOT NULL DEFAULT 0 COMMENT 'йҷҗеҲ¶ж•°йҮҸ',
  `exp` int(10) unsigned NOT NULL DEFAULT 0 COMMENT 'з»ҸйӘҢ',
  `original_price` decimal(10,2) unsigned NOT NULL DEFAULT 0.00 COMMENT 'еҺҹд»·',
  `now_price` decimal(10,2) unsigned NOT NULL DEFAULT 0.00 COMMENT 'зҺ°д»·',
  `gold` int(10) unsigned NOT NULL DEFAULT 0 COMMENT 'йҮ‘еёҒ',
  `gift_gold` int(10) unsigned NOT NULL DEFAULT 0 COMMENT 'иө йҖҒйҮ‘еёҒ',
  `begin_open_days` int(10) unsigned NOT NULL DEFAULT 0 COMMENT 'з»“жқҹж—¶й—ҙпјҢи·ҹејҖжңҚзӣёе…іпјҢеЎ«еӨ©ж•°',
  `end_open_days` int(10) unsigned NOT NULL DEFAULT 0 COMMENT 'з»“жқҹж—¶й—ҙпјҢи·ҹејҖжңҚзӣёе…іпјҢеЎ«еӨ©ж•°',
  `sort` int(10) unsigned NOT NULL DEFAULT 0 COMMENT 'жҺ’еәҸ',
  `icon` char(255) NOT NULL DEFAULT '' COMMENT 'еӣҫзүҮ',
  `name` char(255) NOT NULL DEFAULT '' COMMENT 'еҗҚеӯ—',
  `description` char(255) NOT NULL DEFAULT '' COMMENT 'жҸҸиҝ°',
  PRIMARY KEY (`charge_id`) USING BTREE
) ENGINE=InnoDB DEFAULT CHARSET=utf8mb4 COLLATE=utf8mb4_unicode_ci ROW_FORMAT=DYNAMIC COMMENT='е……еҖјй…ҚзҪ®иЎЁ';
/*!40101 SET character_set_client = @saved_cs_client */;

--
-- Dumping data for table `charge_data`
--

LOCK TABLES `charge_data` WRITE;
/*!40000 ALTER TABLE `charge_data` DISABLE KEYS */;
INSERT INTO `charge_data` VALUES (1,3,1,6,6.00,6.00,6,0,1,9999,1,'0','иҮіе°ҠзҘһе…өе®қз®ұ',''),(2,1,1,18,18.00,18.00,18,5,1,9999,2,'1','е…ғе®қ',''),(3,1,1,68,68.00,68.00,68,40,1,9999,3,'2','е…ғе®қ',''),(4,1,1,128,128.00,128.00,128,90,1,9999,4,'3','е…ғе®қ',''),(5,1,1,268,268.00,268.00,268,190,1,9999,5,'4','е…ғе®қ',''),(6,1,1,588,588.00,588.00,588,330,1,9999,6,'5','е…ғе®қ',''),(7,1,1,688,688.00,688.00,688,590,1,9999,7,'6','е…ғе®қ',''),(8,1,1,888,888.00,888.00,888,1300,1,9999,8,'7','е…ғе®қ',''),(9,2,1,1288,1288.00,1288.00,1288,0,1,9999,0,'','е‘ЁеҚЎ',''),(10,6,1,8888,8888.00,8888.00,8888,0,1,9999,0,'','жңҲеҚЎ','');
/*!40000 ALTER TABLE `charge_data` ENABLE KEYS */;
UNLOCK TABLES;

--
-- Table structure for table `classes_data`
--

DROP TABLE IF EXISTS `classes_data`;
/*!40101 SET @saved_cs_client     = @@character_set_client */;
/*!40101 SET character_set_client = utf8 */;
CREATE TABLE `classes_data` (
  `classes` int(10) unsigned NOT NULL DEFAULT 0 COMMENT 'зү©е“Ғй…ҚзҪ®ID',
  `name` char(255) NOT NULL DEFAULT '' COMMENT 'иө„дә§зұ»еһӢ',
  PRIMARY KEY (`classes`) USING BTREE
) ENGINE=InnoDB DEFAULT CHARSET=utf8mb4 COLLATE=utf8mb4_unicode_ci ROW_FORMAT=DYNAMIC COMMENT='иҒҢдёҡй…ҚзҪ®иЎЁ';
/*!40101 SET character_set_client = @saved_cs_client */;

--
-- Dumping data for table `classes_data`
--

LOCK TABLES `classes_data` WRITE;
/*!40000 ALTER TABLE `classes_data` DISABLE KEYS */;
INSERT INTO `classes_data` VALUES (1,'дёғжқҖ'),(2,'еӨ©еёҲ'),(3,'йЈһзҫҪ'),(4,'еҫЎзҒө'),(5,'еҰҷйҹі'),(6,'жҳҹжңҜ');
/*!40000 ALTER TABLE `classes_data` ENABLE KEYS */;
UNLOCK TABLES;

--
-- Table structure for table `count`
--

DROP TABLE IF EXISTS `count`;
/*!40101 SET @saved_cs_client     = @@character_set_client */;
/*!40101 SET character_set_client = utf8 */;
CREATE TABLE `count` (
  `role_id` bigint(20) unsigned NOT NULL DEFAULT 0 COMMENT 'и§’иүІID(select_by_role_id)',
  `type` int(10) unsigned NOT NULL DEFAULT 0 COMMENT 'и®Ўж•°зұ»еһӢ',
  `today_number` int(10) unsigned NOT NULL DEFAULT 0 COMMENT 'д»ҠеӨ©ж•°йҮҸ',
  `week_number` int(10) unsigned NOT NULL DEFAULT 0 COMMENT 'д»Ҡе‘Ёж•°йҮҸ',
  `total_number` int(10) unsigned NOT NULL DEFAULT 0 COMMENT 'жҖ»ж•°',
  `time` int(10) unsigned NOT NULL DEFAULT 0 COMMENT 'ж—¶й—ҙ',
  `flag` tinyint(3) unsigned GENERATED ALWAYS AS (0) VIRTUAL COMMENT 'ж ҮиҜҶ(flag)',
  PRIMARY KEY (`role_id`,`type`) USING BTREE,
  KEY `type` (`type`) USING BTREE
) ENGINE=InnoDB DEFAULT CHARSET=utf8mb4 COLLATE=utf8mb4_unicode_ci ROW_FORMAT=DYNAMIC COMMENT='и§’иүІи®Ўж•°иЎЁ';
/*!40101 SET character_set_client = @saved_cs_client */;

--
-- Dumping data for table `count`
--

LOCK TABLES `count` WRITE;
/*!40000 ALTER TABLE `count` DISABLE KEYS */;
/*!40000 ALTER TABLE `count` ENABLE KEYS */;
UNLOCK TABLES;

--
-- Table structure for table `daily`
--

DROP TABLE IF EXISTS `daily`;
/*!40101 SET @saved_cs_client     = @@character_set_client */;
/*!40101 SET character_set_client = utf8 */;
CREATE TABLE `daily` (
  `role_id` bigint(20) unsigned NOT NULL DEFAULT 0 COMMENT 'и§’иүІID(select_by_role_id)',
  `daily_id` int(10) unsigned NOT NULL DEFAULT 0 COMMENT 'ж—ҘеёёID',
  `is_award` tinyint(3) unsigned NOT NULL DEFAULT 0 COMMENT 'жҳҜеҗҰйўҶеҸ–еҘ–еҠұ',
  `flag` tinyint(3) unsigned GENERATED ALWAYS AS (0) VIRTUAL COMMENT 'ж ҮиҜҶ(flag)',
  PRIMARY KEY (`role_id`,`daily_id`)
) ENGINE=InnoDB DEFAULT CHARSET=utf8mb4 COLLATE=utf8mb4_unicode_ci COMMENT='и§’иүІж—ҘеёёиЎЁ';
/*!40101 SET character_set_client = @saved_cs_client */;

--
-- Dumping data for table `daily`
--

LOCK TABLES `daily` WRITE;
/*!40000 ALTER TABLE `daily` DISABLE KEYS */;
/*!40000 ALTER TABLE `daily` ENABLE KEYS */;
UNLOCK TABLES;

--
-- Table structure for table `daily_active`
--

DROP TABLE IF EXISTS `daily_active`;
/*!40101 SET @saved_cs_client     = @@character_set_client */;
/*!40101 SET character_set_client = utf8 */;
CREATE TABLE `daily_active` (
  `role_id` bigint(20) unsigned NOT NULL DEFAULT 0 COMMENT 'и§’иүІID',
  `stage_id` int(10) unsigned NOT NULL DEFAULT 0 COMMENT 'еҘ–еҠұйҳ¶ж®өID',
  `score` int(10) unsigned NOT NULL DEFAULT 0 COMMENT 'жҙ»и·ғеәҰ',
  PRIMARY KEY (`role_id`)
) ENGINE=InnoDB DEFAULT CHARSET=utf8mb4 COLLATE=utf8mb4_unicode_ci COMMENT='и§’иүІж—Ҙеёёжҙ»и·ғиЎЁ';
/*!40101 SET character_set_client = @saved_cs_client */;

--
-- Dumping data for table `daily_active`
--

LOCK TABLES `daily_active` WRITE;
/*!40000 ALTER TABLE `daily_active` DISABLE KEYS */;
/*!40000 ALTER TABLE `daily_active` ENABLE KEYS */;
UNLOCK TABLES;

--
-- Table structure for table `daily_active_data`
--

DROP TABLE IF EXISTS `daily_active_data`;
/*!40101 SET @saved_cs_client     = @@character_set_client */;
/*!40101 SET character_set_client = utf8 */;
CREATE TABLE `daily_active_data` (
  `stage_id` int(10) unsigned NOT NULL DEFAULT 0 COMMENT 'йҳ¶ж®өID',
  `pre_id` int(10) unsigned NOT NULL DEFAULT 0 COMMENT 'еүҚдёҖдёӘйҳ¶ж®өID',
  `next_id` int(10) unsigned NOT NULL DEFAULT 0 COMMENT 'дёӢдёҖдёӘйҳ¶ж®өID',
  `score` int(10) unsigned NOT NULL DEFAULT 0 COMMENT 'жүҖйңҖжҙ»и·ғеәҰ',
  `award` varchar(255) NOT NULL DEFAULT '' COMMENT 'еҘ–еҠұ',
  PRIMARY KEY (`stage_id`)
) ENGINE=InnoDB DEFAULT CHARSET=utf8mb4 COLLATE=utf8mb4_unicode_ci COMMENT='ж—Ҙеёёжҙ»и·ғеҘ–еҠұй…ҚзҪ®';
/*!40101 SET character_set_client = @saved_cs_client */;

--
-- Dumping data for table `daily_active_data`
--

LOCK TABLES `daily_active_data` WRITE;
/*!40000 ALTER TABLE `daily_active_data` DISABLE KEYS */;
INSERT INTO `daily_active_data` VALUES (1,0,2,30,'[{1,1000}]'),(2,1,3,50,'[{1,1000}]'),(3,2,4,80,'[{1,1000}]'),(4,3,5,100,'[{1,1000}]'),(5,4,6,120,'[{1,1000}]'),(6,5,0,150,'[{1,1000}]');
/*!40000 ALTER TABLE `daily_active_data` ENABLE KEYS */;
UNLOCK TABLES;

--
-- Table structure for table `daily_data`
--

DROP TABLE IF EXISTS `daily_data`;
/*!40101 SET @saved_cs_client     = @@character_set_client */;
/*!40101 SET character_set_client = utf8 */;
CREATE TABLE `daily_data` (
  `daily_id` int(10) unsigned NOT NULL DEFAULT 0 COMMENT 'ж—ҘеёёID',
  `type` int(10) unsigned NOT NULL DEFAULT 0 COMMENT 'зұ»еһӢ',
  `count_type` int(10) unsigned NOT NULL DEFAULT 0 COMMENT 'з»ҹи®Ўзұ»еһӢ',
  `number` int(10) unsigned NOT NULL DEFAULT 0 COMMENT 'зӣ®ж Үж•°йҮҸ',
  `score` int(10) unsigned NOT NULL DEFAULT 0 COMMENT 'жҙ»и·ғеәҰ',
  `award` varchar(255) NOT NULL DEFAULT '' COMMENT 'еҘ–еҠұ',
  PRIMARY KEY (`daily_id`)
) ENGINE=InnoDB DEFAULT CHARSET=utf8mb4 COLLATE=utf8mb4_unicode_ci COMMENT='ж—Ҙеёёй…ҚзҪ®иЎЁ';
/*!40101 SET character_set_client = @saved_cs_client */;

--
-- Dumping data for table `daily_data`
--

LOCK TABLES `daily_data` WRITE;
/*!40000 ALTER TABLE `daily_data` DISABLE KEYS */;
INSERT INTO `daily_data` VALUES (1,1,1,1,1,'[{1,1000}]'),(2,1,2,2,2,'[{1,1000}]'),(3,1,3,3,3,'[{1,1000}]'),(4,1,4,4,4,'[{1,1000}]'),(5,1,5,5,5,'[{1,1000}]'),(6,1,6,6,6,'[{1,1000}]'),(7,1,7,7,7,'[{1,1000}]'),(8,1,8,8,8,'[{1,1000}]'),(9,1,9,9,9,'[{1,1000}]');
/*!40000 ALTER TABLE `daily_data` ENABLE KEYS */;
UNLOCK TABLES;

--
-- Table structure for table `dungeon`
--

DROP TABLE IF EXISTS `dungeon`;
/*!40101 SET @saved_cs_client     = @@character_set_client */;
/*!40101 SET character_set_client = utf8 */;
CREATE TABLE `dungeon` (
  `role_id` bigint(20) unsigned NOT NULL DEFAULT 0 COMMENT 'зҺ©е®¶ID(select_by_role_id)',
  `dungeon_id` int(10) unsigned NOT NULL DEFAULT 0 COMMENT 'еүҜжң¬ID',
  `type` int(10) unsigned NOT NULL DEFAULT 0 COMMENT 'зұ»еһӢ',
  `today_number` int(10) unsigned NOT NULL DEFAULT 0 COMMENT 'д»ҠеӨ©ж¬Ўж•°',
  `total_number` int(10) unsigned NOT NULL DEFAULT 0 COMMENT 'еҺҶеҸІжҖ»ж¬Ўж•°',
  `is_pass` tinyint(3) unsigned NOT NULL DEFAULT 0 COMMENT 'жҳҜеҗҰйҖҡе…і',
  `flag` tinyint(3) unsigned GENERATED ALWAYS AS (0) VIRTUAL COMMENT 'ж ҮиҜҶ(flag)',
  PRIMARY KEY (`role_id`,`type`) USING BTREE
) ENGINE=InnoDB DEFAULT CHARSET=utf8mb4 COLLATE=utf8mb4_unicode_ci ROW_FORMAT=DYNAMIC COMMENT='и§’иүІеүҜжң¬иЎЁ';
/*!40101 SET character_set_client = @saved_cs_client */;

--
-- Dumping data for table `dungeon`
--

LOCK TABLES `dungeon` WRITE;
/*!40000 ALTER TABLE `dungeon` DISABLE KEYS */;
/*!40000 ALTER TABLE `dungeon` ENABLE KEYS */;
UNLOCK TABLES;

--
-- Table structure for table `dungeon_data`
--

DROP TABLE IF EXISTS `dungeon_data`;
/*!40101 SET @saved_cs_client     = @@character_set_client */;
/*!40101 SET character_set_client = utf8 */;
CREATE TABLE `dungeon_data` (
  `dungeon_id` int(10) unsigned NOT NULL DEFAULT 0 COMMENT 'еүҜжң¬ID',
  `type` int(10) unsigned NOT NULL DEFAULT 0 COMMENT 'зұ»еһӢ(validate(dungeon_type))',
  `condition` varchar(255) NOT NULL DEFAULT '' COMMENT 'жқЎд»¶',
  `cost` varchar(255) NOT NULL DEFAULT '' COMMENT 'ж¶ҲиҖ—',
  `day_number` varchar(255) NOT NULL DEFAULT '' COMMENT 'жҜҸж—Ҙж¬Ўж•°',
  `buy_number` varchar(255) NOT NULL DEFAULT '' COMMENT 'иҙӯд№°ж¬Ўж•°',
  `map_id` int(10) unsigned NOT NULL DEFAULT 0 COMMENT 'ең°еӣҫID',
  `monsters` varchar(255) NOT NULL DEFAULT '' COMMENT 'жҖӘзү©',
  `boss` varchar(255) NOT NULL DEFAULT '' COMMENT 'Boss',
  `time` int(10) unsigned NOT NULL DEFAULT 0 COMMENT 'ж—¶й—ҙ',
  `award` varchar(255) NOT NULL DEFAULT '' COMMENT 'еҘ–еҠұ',
  `name` char(255) NOT NULL DEFAULT '' COMMENT 'еҗҚеӯ—',
  `description` char(255) NOT NULL DEFAULT '' COMMENT 'жҸҸиҝ°',
  PRIMARY KEY (`dungeon_id`) USING BTREE
) ENGINE=InnoDB DEFAULT CHARSET=utf8mb4 COLLATE=utf8mb4_unicode_ci ROW_FORMAT=DYNAMIC COMMENT='еүҜжң¬й…ҚзҪ®иЎЁ';
/*!40101 SET character_set_client = @saved_cs_client */;

--
-- Dumping data for table `dungeon_data`
--

LOCK TABLES `dungeon_data` WRITE;
/*!40000 ALTER TABLE `dungeon_data` DISABLE KEYS */;
INSERT INTO `dungeon_data` VALUES (1,1,'[{level,10}]','[{100005,100}]','[{0,1},{1,2},{2,3},{3,4},{4,5},{5,6}]','[{0,1,100},{1,2,200},{2,3,300},{3,4,400},{4,5,500},{5,6,600}]',110001,'[{1,10},{1,20},{1,10},{1,20},{2,1}]','',600,'[{100005,100}]','з»ҸйӘҢеүҜжң¬','з»ҸйӘҢеүҜжң¬'),(2,1,'[{level,20}]','[{100005,200}]','[{0,1},{1,2},{2,3},{3,4},{4,5},{5,6}]','[{0,1,100},{1,2,200},{2,3,300},{3,4,400},{4,5,500},{5,6,600}]',110002,'[{1,10},{1,20},{1,10},{1,20},{2,1}]','',600,'[{100005,200}]','з»ҸйӘҢеүҜжң¬','з»ҸйӘҢеүҜжң¬'),(3,1,'[{level,30}]','[{100005,300}]','[{0,1},{1,2},{2,3},{3,4},{4,5},{5,6}]','[{0,1,100},{1,2,200},{2,3,300},{3,4,400},{4,5,500},{5,6,600}]',110003,'[{1,10},{1,20},{1,10},{1,20},{2,1}]','',600,'[{100005,300}]','з»ҸйӘҢеүҜжң¬','з»ҸйӘҢеүҜжң¬'),(4,2,'[{level,10}]','[{100005,100}]','[{0,1},{1,2},{2,3},{3,4},{4,5},{5,6}]','[{0,1,100},{1,2,200},{2,3,300},{3,4,400},{4,5,500},{5,6,600}]',120001,'[{1,10},{1,20},{1,10},{1,20},{2,1}]','',600,'[{100003,100}]','й“ңеёҒеүҜжң¬','й“ңеёҒеүҜжң¬'),(5,2,'[{level,20}]','[{100005,200}]','[{0,1},{1,2},{2,3},{3,4},{4,5},{5,6}]','[{0,1,100},{1,2,200},{2,3,300},{3,4,400},{4,5,500},{5,6,600}]',120002,'[{1,10},{1,20},{1,10},{1,20},{2,1}]','',600,'[{100003,200}]','й“ңеёҒеүҜжң¬','й“ңеёҒеүҜжң¬'),(6,2,'[{level,30}]','[{100005,300}]','[{0,1},{1,2},{2,3},{3,4},{4,5},{5,6}]','[{0,1,100},{1,2,200},{2,3,300},{3,4,400},{4,5,500},{5,6,600}]',120003,'[{1,10},{1,20},{1,10},{1,20},{2,1}]','',600,'[{100003,300}]','й“ңеёҒеүҜжң¬','й“ңеёҒеүҜжң¬');
/*!40000 ALTER TABLE `dungeon_data` ENABLE KEYS */;
UNLOCK TABLES;

--
-- Table structure for table `effect_data`
--

DROP TABLE IF EXISTS `effect_data`;
/*!40101 SET @saved_cs_client     = @@character_set_client */;
/*!40101 SET character_set_client = utf8 */;
CREATE TABLE `effect_data` (
  `effect_id` int(10) unsigned NOT NULL DEFAULT 0 COMMENT 'ж•ҲжһңID',
  `type` varchar(255) NOT NULL DEFAULT '' COMMENT 'зұ»еһӢ(validate(effect_type))',
  `scope` varchar(255) NOT NULL DEFAULT '' COMMENT 'дҪңз”ЁиҢғеӣҙ(validate(effect_scope))',
  `condition` varchar(255) NOT NULL DEFAULT '' COMMENT 'жқЎд»¶',
  `ratio` varchar(255) NOT NULL DEFAULT '' COMMENT 'жҰӮзҺҮ',
  `restrict` varchar(255) NOT NULL DEFAULT '' COMMENT 'зәҰжқҹ',
  `operation` varchar(255) NOT NULL DEFAULT '' COMMENT 'ж“ҚдҪң(validate(effect_operation))',
  `object` varchar(255) NOT NULL DEFAULT '' COMMENT 'дҪңз”ЁеҜ№иұЎ(validate(effect_object))',
  `attribute` varchar(255) NOT NULL DEFAULT '' COMMENT 'ж“ҚдҪңеұһжҖ§(validate(effect_attribute))',
  `field` varchar(255) NOT NULL DEFAULT '' COMMENT 'ж“ҚдҪңеұһжҖ§еӯ—ж®ө(validate(effect_field))',
  `value` varchar(255) NOT NULL DEFAULT '' COMMENT 'еұһжҖ§еҖј',
  `time` int(10) unsigned NOT NULL DEFAULT 0 COMMENT 'ж•Ҳжһңж—¶й—ҙ',
  `extra` varchar(255) NOT NULL DEFAULT '' COMMENT 'йўқеӨ–',
  `description` varchar(255) NOT NULL DEFAULT '' COMMENT 'жҸҸиҝ°',
  PRIMARY KEY (`effect_id`) USING BTREE
) ENGINE=InnoDB DEFAULT CHARSET=utf8mb4 COLLATE=utf8mb4_unicode_ci ROW_FORMAT=DYNAMIC COMMENT='дҪңз”Ёж•Ҳжһңй…ҚзҪ®иЎЁ';
/*!40101 SET character_set_client = @saved_cs_client */;

--
-- Dumping data for table `effect_data`
--

LOCK TABLES `effect_data` WRITE;
/*!40000 ALTER TABLE `effect_data` DISABLE KEYS */;
INSERT INTO `effect_data` VALUES (1,'active','battle','','10000','_','add','self','hurt','','Hurt',0,'','дјӨе®і'),(2,'active','battle','','10000','_','add','self','hurt','','Hurt * 1.5',0,'','еўһеҠ 50%дјӨе®і'),(3,'active','battle','','10000','_','add','self','attribute','vertigo','1',0,'','зң©жҷ•'),(4,'active','battle','','10000','_','reduce','self','attribute','vertigo','0',0,'','жё…йҷӨзң©жҷ•'),(5,'active','battle','','10000','_','reduce','self','attribute','hp','Rival.Attribute.health * 0.01',3600,'','жҜҸз§’жүЈиЎҖпјҢжҖ»иЎҖйҮҸзҷҫеҲҶд№Ӣ1'),(6,'active','battle','','10000','_','add','mate','attribute','attack','Mate.Attribute.attack * 1.5',3,'','еўһеҠ йҳҹеҸӢж”»еҮ»150%'),(7,'active','battle','','10000','_','add','mate','attribute','defense','Mate.Attribute.defense * 1.5',3,'','еўһеҠ йҳҹеҸӢйҳІеҫЎ150%'),(8,'active','battle','','10000','_','add','self','buff','','[1]',0,'','ж·»еҠ Buff'),(9,'active','user','','10000','_','add','self','asset','copper','1.5',0,'','еўһеҠ 150%й“ңеёҒ'),(10,'active','user','','10000','_','add','self','asset','exp','2',0,'','еўһеҠ 200%з»ҸйӘҢ');
/*!40000 ALTER TABLE `effect_data` ENABLE KEYS */;
UNLOCK TABLES;

--
-- Table structure for table `fashion`
--

DROP TABLE IF EXISTS `fashion`;
/*!40101 SET @saved_cs_client     = @@character_set_client */;
/*!40101 SET character_set_client = utf8 */;
CREATE TABLE `fashion` (
  `role_id` bigint(20) unsigned NOT NULL DEFAULT 0 COMMENT 'зҺ©е®¶ID(select_by_role_id)(update_role_id)',
  `fashion_id` int(10) unsigned NOT NULL DEFAULT 0 COMMENT 'ж—¶иЈ…ID(select_by_fashion_id)',
  `type` int(10) unsigned NOT NULL DEFAULT 0 COMMENT 'зұ»еһӢ',
  `expire_time` int(10) unsigned NOT NULL DEFAULT 0 COMMENT 'иҝҮжңҹж—¶й—ҙ',
  `flag` tinyint(3) unsigned GENERATED ALWAYS AS (0) VIRTUAL COMMENT 'ж ҮиҜҶ(flag)',
  PRIMARY KEY (`role_id`,`fashion_id`),
  KEY `fashion_id` (`fashion_id`) USING BTREE
) ENGINE=InnoDB DEFAULT CHARSET=utf8mb3 COLLATE=utf8mb3_general_ci COMMENT='зҺ©е®¶ж—¶иЈ…иЎЁ';
/*!40101 SET character_set_client = @saved_cs_client */;

--
-- Dumping data for table `fashion`
--

LOCK TABLES `fashion` WRITE;
/*!40000 ALTER TABLE `fashion` DISABLE KEYS */;
/*!40000 ALTER TABLE `fashion` ENABLE KEYS */;
UNLOCK TABLES;

--
-- Table structure for table `fashion_data`
--

DROP TABLE IF EXISTS `fashion_data`;
/*!40101 SET @saved_cs_client     = @@character_set_client */;
/*!40101 SET character_set_client = utf8 */;
CREATE TABLE `fashion_data` (
  `fashion_id` int(10) unsigned NOT NULL DEFAULT 0 COMMENT 'ж—¶иЈ…ID',
  `type` int(10) unsigned NOT NULL DEFAULT 0 COMMENT 'ж—¶иЈ…зұ»еһӢ',
  `is_unique` varchar(255) CHARACTER SET utf8mb4 COLLATE utf8mb4_unicode_ci NOT NULL DEFAULT '' COMMENT 'жҳҜеҗҰе…ЁеұҖе”ҜдёҖ(validate(boolean))',
  `expire_time` int(10) unsigned NOT NULL DEFAULT 0 COMMENT 'иҝҮжңҹж—¶й—ҙ',
  `attribute` varchar(255) CHARACTER SET utf8mb4 COLLATE utf8mb4_unicode_ci NOT NULL DEFAULT '' COMMENT 'еұһжҖ§',
  `name` char(255) CHARACTER SET utf8mb4 COLLATE utf8mb4_unicode_ci NOT NULL DEFAULT '' COMMENT 'ж—¶иЈ…еҗҚеӯ—',
  `description` char(255) CHARACTER SET utf8mb4 COLLATE utf8mb4_unicode_ci NOT NULL DEFAULT '' COMMENT 'ж—¶иЈ…жҸҸиҝ°',
  PRIMARY KEY (`fashion_id`),
  KEY `fashion_type` (`type`)
) ENGINE=InnoDB DEFAULT CHARSET=utf8mb3 COLLATE=utf8mb3_general_ci COMMENT='ж—¶иЈ…й…ҚзҪ®иЎЁ';
/*!40101 SET character_set_client = @saved_cs_client */;

--
-- Dumping data for table `fashion_data`
--

LOCK TABLES `fashion_data` WRITE;
/*!40000 ALTER TABLE `fashion_data` DISABLE KEYS */;
INSERT INTO `fashion_data` VALUES (101,1,'false',0,'[{3,30},{4,40}]','е°ҸиҜ•зүӣеҲҖ','VIP1еҸҜиҺ·еҫ—'),(102,1,'false',0,'[{3,30},{4,40}]','жңүй’ұд»»жҖ§','VIP2еҸҜиҺ·еҫ—'),(103,1,'false',0,'[{3,30},{4,40}]','дёҖжҺ·еҚғйҮ‘','VIP3еҸҜиҺ·еҫ—'),(104,1,'false',0,'[{3,30},{4,40}]','и…°зј дёҮиҙҜ','VIP4еҸҜиҺ·еҫ—'),(105,1,'false',0,'[{3,30},{4,40}]','жҢҘйҮ‘еҰӮеңҹ','VIP5еҸҜиҺ·еҫ—'),(106,1,'false',0,'[{3,30},{4,40}]','еҜҢз”ІеӨ©дёӢ','VIP6еҸҜиҺ·еҫ—'),(107,1,'false',0,'[{3,30},{4,40}]','еҜҢеҸҜж•ҢеӣҪ','VIP7еҸҜиҺ·еҫ—'),(108,1,'false',0,'[{3,30},{4,40}]','дәәз”ҹе·…еі°','VIP8еҸҜиҺ·еҫ—'),(109,1,'false',0,'[{3,30},{4,40}]','иҮіе°ҠзҺӢиҖ…','VIP9еҸҜиҺ·еҫ—'),(110,1,'false',0,'[{3,30},{4,40}]','й«ҳжүӢеҜ№еҶі','VIP0еҸҜиҺ·еҫ—'),(201,2,'false',0,'[{6,60},{7,70}]','жӯҰиүәи¶…зҫӨ','ејҖжңҚеҶІжҰңжҙ»еҠЁиҺ·еҸ–'),(202,2,'false',0,'[{6,60},{7,70}]','еҮәзҘһе…ҘеҢ–','ејҖжңҚеҶІжҰңжҙ»еҠЁиҺ·еҸ–'),(203,2,'false',0,'[{6,60},{7,70}]','д»ҷжӯҰдё»е®°','ејҖжңҚеҶІжҰңжҙ»еҠЁиҺ·еҸ–'),(204,2,'false',0,'[{6,60},{7,70}]','й”»йҖ еӨ§еёҲ','ејҖжңҚеҶІжҰңжҙ»еҠЁиҺ·еҸ–'),(205,2,'false',0,'[{6,60},{7,70}]','й»‘жҡ—дё»е®°','ејҖжңҚеҶІжҰңжҙ»еҠЁиҺ·еҸ–'),(206,2,'false',0,'[{6,60},{7,70}]','иҒҡйӯӮе…Ҳй”Ӣ','ејҖжңҚеҶІжҰңжҙ»еҠЁиҺ·еҸ–'),(207,2,'false',0,'[{6,60},{7,70}]','е…ЁиҒҢй«ҳжүӢ','ејҖжңҚеҶІжҰңжҙ»еҠЁиҺ·еҸ–'),(208,2,'false',0,'[{6,60},{7,70}]','дәәдёӯд№Ӣйҫҷ','ејҖжңҚеҶІжҰңжҙ»еҠЁиҺ·еҸ–'),(209,2,'false',0,'[{6,60},{7,70}]','еӢҮиҖ…ж— з•Ҹ','ејҖжңҚеҶІжҰңжҙ»еҠЁиҺ·еҸ–'),(210,2,'false',0,'[{6,60},{7,70}]','з§°йңёеӨ©дёӢ','ејҖжңҚеҶІжҰңжҙ»еҠЁиҺ·еҸ–'),(10010,3,'true',604800,'[{5,50}]','еҪ’йҡҗеұұжһ—','е……еҖјиҺ·еҸ–');
/*!40000 ALTER TABLE `fashion_data` ENABLE KEYS */;
UNLOCK TABLES;

--
-- Table structure for table `fashion_log`
--

DROP TABLE IF EXISTS `fashion_log`;
/*!40101 SET @saved_cs_client     = @@character_set_client */;
/*!40101 SET character_set_client = utf8 */;
CREATE TABLE `fashion_log` (
  `id` bigint(20) unsigned NOT NULL AUTO_INCREMENT COMMENT 'ID',
  `role_id` bigint(20) unsigned NOT NULL DEFAULT 0 COMMENT 'и§’иүІID',
  `fashion_id` int(10) unsigned NOT NULL DEFAULT 0 COMMENT 'ж—¶иЈ…ID',
  `from` varchar(32) NOT NULL DEFAULT '' COMMENT 'жқҘжәҗ',
  `time` int(10) unsigned NOT NULL DEFAULT 0 COMMENT 'ж—¶й—ҙ',
  PRIMARY KEY (`id`) USING BTREE,
  KEY `role_id` (`role_id`) USING BTREE,
  KEY `time` (`time`) USING BTREE
) ENGINE=InnoDB DEFAULT CHARSET=utf8mb4 COLLATE=utf8mb4_unicode_ci ROW_FORMAT=DYNAMIC COMMENT='ж—¶иЈ…ж—Ҙеҝ—иЎЁ';
/*!40101 SET character_set_client = @saved_cs_client */;

--
-- Dumping data for table `fashion_log`
--

LOCK TABLES `fashion_log` WRITE;
/*!40000 ALTER TABLE `fashion_log` DISABLE KEYS */;
/*!40000 ALTER TABLE `fashion_log` ENABLE KEYS */;
UNLOCK TABLES;

--
-- Table structure for table `friend`
--

DROP TABLE IF EXISTS `friend`;
/*!40101 SET @saved_cs_client     = @@character_set_client */;
/*!40101 SET character_set_client = utf8 */;
CREATE TABLE `friend` (
  `role_id` bigint(20) unsigned NOT NULL DEFAULT 0 COMMENT 'з”ЁжҲ·ID(select_by_role_id)',
  `friend_role_id` bigint(20) unsigned NOT NULL DEFAULT 0 COMMENT 'еҘҪеҸӢи§’иүІID', -- ON role.role_id, (join_on(`role`.`role_id`)/join_on(`vip`.`role_id`))
  `friend_name` char(0) GENERATED ALWAYS AS ('') VIRTUAL COMMENT 'еҘҪеҸӢеҗҚеӯ—(join(`role`.`role_name`))',
  `sex` tinyint(3) unsigned GENERATED ALWAYS AS (0) VIRTUAL COMMENT 'еҘҪеҸӢжҖ§еҲ«(join(`role`.`sex`))',
  `avatar` tinyint(3) unsigned GENERATED ALWAYS AS (0) VIRTUAL COMMENT 'еӨҙеғҸ(join(`role`.`avatar`))',
  `classes` tinyint(3) unsigned GENERATED ALWAYS AS (0) VIRTUAL COMMENT 'еҘҪеҸӢиҒҢдёҡ(join(`role`.`classes`))',
  `level` int(10) unsigned GENERATED ALWAYS AS (0) VIRTUAL COMMENT 'зӯүзә§(join(`role`.`level`))',
  `vip_level` int(10) unsigned GENERATED ALWAYS AS (0) VIRTUAL COMMENT 'VIPзӯүзә§(join(`vip`.`vip_level`))',
  `is_online` tinyint(3) unsigned GENERATED ALWAYS AS (0) VIRTUAL COMMENT 'еҘҪеҸӢеңЁзәҝзҠ¶жҖҒ(join(`role`.`is_online`))',
  `relation` tinyint(3) unsigned NOT NULL DEFAULT 0 COMMENT 'еҸӢеҘҪзҠ¶жҖҒ(update_relation)',
  `time` int(10) unsigned NOT NULL DEFAULT 0 COMMENT 'ж—¶й—ҙ',
  `flag` tinyint(3) unsigned GENERATED ALWAYS AS (0) VIRTUAL COMMENT 'ж ҮиҜҶ(flag)',
  PRIMARY KEY (`role_id`,`friend_role_id`) USING BTREE,
  KEY `friend_role_id` (`friend_role_id`) USING BTREE
) ENGINE=InnoDB DEFAULT CHARSET=utf8mb4 COLLATE=utf8mb4_unicode_ci ROW_FORMAT=DYNAMIC COMMENT='и§’иүІеҘҪеҸӢиЎЁ';
/*!40101 SET character_set_client = @saved_cs_client */;

--
-- Dumping data for table `friend`
--

LOCK TABLES `friend` WRITE;
/*!40000 ALTER TABLE `friend` DISABLE KEYS */;
/*!40000 ALTER TABLE `friend` ENABLE KEYS */;
UNLOCK TABLES;

--
-- Table structure for table `guild`
--

DROP TABLE IF EXISTS `guild`;
/*!40101 SET @saved_cs_client     = @@character_set_client */;
/*!40101 SET character_set_client = utf8 */;
CREATE TABLE `guild` (
  `guild_id` bigint(20) unsigned NOT NULL AUTO_INCREMENT COMMENT 'е…¬дјҡID',
  `guild_name` char(16) NOT NULL DEFAULT '' COMMENT 'еҗҚеӯ—(update_name)',
  `exp` int(10) unsigned NOT NULL DEFAULT 0 COMMENT 'з»ҸйӘҢ',
  `wealth` int(10) unsigned NOT NULL DEFAULT 0 COMMENT 'иҙўеҜҢ',
  `level` int(10) unsigned NOT NULL DEFAULT 0 COMMENT 'зӯүзә§',
  `create_time` int(10) unsigned NOT NULL DEFAULT 0 COMMENT 'ж—¶й—ҙ',
  `notice` char(255) NOT NULL DEFAULT '' COMMENT 'е…¬е‘Ҡ(update_notice)',
  `leader_role_id` bigint(20) unsigned NOT NULL DEFAULT 0 COMMENT 'дјҡй•ҝи§’иүІID(join_on(`role`.`role_id`)/join_on(`vip`.`role_id`))',
  `leader_name` char(0) GENERATED ALWAYS AS ('') VIRTUAL COMMENT 'дјҡй•ҝеҗҚеӯ—(join(`role`.`role_name`))',
  `leader_sex` tinyint(3) unsigned GENERATED ALWAYS AS (0) VIRTUAL COMMENT 'жҖ§еҲ«(join(`role`.`sex`))',
  `leader_avatar` tinyint(3) unsigned GENERATED ALWAYS AS (0) VIRTUAL COMMENT 'еӨҙеғҸ(join(`role`.`avatar`))',
  `leader_class` tinyint(3) unsigned GENERATED ALWAYS AS (0) VIRTUAL COMMENT 'дјҡй•ҝеҗҚеӯ—(join(`role`.`classes`))',
  `leader_level` int(10) unsigned GENERATED ALWAYS AS (0) VIRTUAL COMMENT 'иҒҢдёҡ(join(`role`.`level`))',
  `leader_vip_level` int(10) unsigned GENERATED ALWAYS AS (0) VIRTUAL COMMENT 'дјҡй•ҝеҗҚеӯ—(join(`vip`.`vip_level`))',
  `flag` tinyint(3) unsigned GENERATED ALWAYS AS (0) VIRTUAL COMMENT 'ж ҮиҜҶ(flag)',
  PRIMARY KEY (`guild_id`) USING BTREE,
  UNIQUE KEY `guild_name` (`guild_name`) USING BTREE
) ENGINE=InnoDB DEFAULT CHARSET=utf8mb4 COLLATE=utf8mb4_unicode_ci ROW_FORMAT=DYNAMIC COMMENT='е…¬дјҡиЎЁ';
/*!40101 SET character_set_client = @saved_cs_client */;

--
-- Dumping data for table `guild`
--

LOCK TABLES `guild` WRITE;
/*!40000 ALTER TABLE `guild` DISABLE KEYS */;
/*!40000 ALTER TABLE `guild` ENABLE KEYS */;
UNLOCK TABLES;

--
-- Table structure for table `guild_apply`
--

DROP TABLE IF EXISTS `guild_apply`;
/*!40101 SET @saved_cs_client     = @@character_set_client */;
/*!40101 SET character_set_client = utf8 */;
CREATE TABLE `guild_apply` (
  `guild_id` bigint(20) unsigned NOT NULL DEFAULT 0 COMMENT 'е…¬дјҡID(join_on(`guild`.`guild_id`)/(delete_by_guild_id))',
  `role_id` bigint(20) unsigned NOT NULL DEFAULT 0 COMMENT 'и§’иүІID(join_on(`role`.`role_id`)/join_on(`vip`.`role_id`)/(delete_by_role_id))',
  `apply_time` int(10) unsigned NOT NULL DEFAULT 0 COMMENT 'ж—¶й—ҙ',
  `guild_name` char(0) GENERATED ALWAYS AS ('') VIRTUAL COMMENT 'её®жҙҫеҗҚ(join(`guild`.`guild_name`))',
  `role_name` char(0) GENERATED ALWAYS AS ('') VIRTUAL COMMENT 'и§’иүІеҗҚ(join(`role`.`role_name`))',
  `sex` tinyint(3) unsigned GENERATED ALWAYS AS (0) VIRTUAL COMMENT 'жҖ§еҲ«(join(`role`.`sex`))',
  `avatar` tinyint(3) unsigned GENERATED ALWAYS AS (0) VIRTUAL COMMENT 'еӨҙеғҸ(join(`role`.`avatar`))',
  `classes` tinyint(3) unsigned GENERATED ALWAYS AS (0) VIRTUAL COMMENT 'иҒҢдёҡ(join(`role`.`classes`))',
  `level` int(10) unsigned GENERATED ALWAYS AS (0) VIRTUAL COMMENT 'иҒҢдёҡ(join(`role`.`level`))',
  `vip_level` int(10) unsigned GENERATED ALWAYS AS (0) VIRTUAL COMMENT 'VIPзӯүзә§(join(`vip`.`vip_level`))',
  `flag` tinyint(3) unsigned GENERATED ALWAYS AS (0) VIRTUAL COMMENT 'ж ҮиҜҶ(flag)',
  PRIMARY KEY (`guild_id`,`role_id`) USING BTREE,
  KEY `role_id` (`role_id`) USING BTREE
) ENGINE=InnoDB DEFAULT CHARSET=utf8mb4 COLLATE=utf8mb4_unicode_ci ROW_FORMAT=DYNAMIC COMMENT='е…¬дјҡз”іиҜ·иЎЁ';
/*!40101 SET character_set_client = @saved_cs_client */;

--
-- Dumping data for table `guild_apply`
--

LOCK TABLES `guild_apply` WRITE;
/*!40000 ALTER TABLE `guild_apply` DISABLE KEYS */;
/*!40000 ALTER TABLE `guild_apply` ENABLE KEYS */;
UNLOCK TABLES;

--
-- Table structure for table `guild_create_data`
--

DROP TABLE IF EXISTS `guild_create_data`;
/*!40101 SET @saved_cs_client     = @@character_set_client */;
/*!40101 SET character_set_client = utf8 */;
CREATE TABLE `guild_create_data` (
  `type` int(10) unsigned NOT NULL DEFAULT 0 COMMENT 'зӯүзә§',
  `condition` varchar(255) NOT NULL DEFAULT '' COMMENT 'жқЎд»¶',
  `cost` varchar(255) NOT NULL DEFAULT '' COMMENT 'ж¶ҲиҖ—',
  PRIMARY KEY (`type`) USING BTREE
) ENGINE=InnoDB DEFAULT CHARSET=utf8mb4 COLLATE=utf8mb4_unicode_ci COMMENT='е…¬дјҡеҲӣе»әй…ҚзҪ®иЎЁ';
/*!40101 SET character_set_client = @saved_cs_client */;

--
-- Dumping data for table `guild_create_data`
--

LOCK TABLES `guild_create_data` WRITE;
/*!40000 ALTER TABLE `guild_create_data` DISABLE KEYS */;
INSERT INTO `guild_create_data` VALUES (0,'',''),(1,'[{level, 1}, {vip, 1}]','[{100001, 1}]'),(2,'[{level, 2}, {vip, 2}]','[{100001, 2}]'),(3,'[{level, 3}, {vip, 3}]','[{100001, 3}]');
/*!40000 ALTER TABLE `guild_create_data` ENABLE KEYS */;
UNLOCK TABLES;

--
-- Table structure for table `guild_level_data`
--

DROP TABLE IF EXISTS `guild_level_data`;
/*!40101 SET @saved_cs_client     = @@character_set_client */;
/*!40101 SET character_set_client = utf8 */;
CREATE TABLE `guild_level_data` (
  `level` int(10) unsigned NOT NULL DEFAULT 0 COMMENT 'зӯүзә§',
  `exp` int(10) unsigned NOT NULL DEFAULT 0 COMMENT 'з»ҸйӘҢ',
  PRIMARY KEY (`level`)
) ENGINE=InnoDB DEFAULT CHARSET=utf8mb4 COLLATE=utf8mb4_unicode_ci ROW_FORMAT=DYNAMIC COMMENT='е…¬дјҡзӯүзә§й…ҚзҪ®иЎЁ';
/*!40101 SET character_set_client = @saved_cs_client */;

--
-- Dumping data for table `guild_level_data`
--

LOCK TABLES `guild_level_data` WRITE;
/*!40000 ALTER TABLE `guild_level_data` DISABLE KEYS */;
INSERT INTO `guild_level_data` VALUES (0,100),(1,200),(2,300),(3,400),(4,500),(5,600),(6,700),(7,800),(8,900),(9,1000);
/*!40000 ALTER TABLE `guild_level_data` ENABLE KEYS */;
UNLOCK TABLES;

--
-- Table structure for table `guild_role`
--

DROP TABLE IF EXISTS `guild_role`;
/*!40101 SET @saved_cs_client     = @@character_set_client */;
/*!40101 SET character_set_client = utf8 */;
CREATE TABLE `guild_role` (
  `guild_id` bigint(20) unsigned NOT NULL DEFAULT 0 COMMENT 'е…¬дјҡID(join_on(`guild`.`guild_id`))',
  `role_id` bigint(20) unsigned NOT NULL DEFAULT 0 COMMENT 'и§’иүІID(join_on(`role`.`role_id`)/join_on(`vip`.`role_id`))',
  `job` tinyint(3) unsigned NOT NULL DEFAULT 0 COMMENT 'иҒҢдҪҚ',
  `wealth` int(10) unsigned NOT NULL DEFAULT 0 COMMENT 'иҙўеҜҢ',
  `join_time` int(10) unsigned NOT NULL DEFAULT 0 COMMENT 'еҠ е…Ҙж—¶й—ҙ',
  `leave_time` int(10) unsigned NOT NULL DEFAULT 0 COMMENT 'зҰ»ејҖж—¶й—ҙ',
  `guild_name` char(0) GENERATED ALWAYS AS ('') VIRTUAL COMMENT 'её®жҙҫеҗҚ(join(`guild`.`guild_name`))',
  `role_name` char(0) GENERATED ALWAYS AS ('') VIRTUAL COMMENT 'и§’иүІеҗҚ(join(`role`.`role_name`))',
  `sex` tinyint(3) unsigned GENERATED ALWAYS AS (0) VIRTUAL COMMENT 'жҖ§еҲ«(join(`role`.`sex`))',
  `avatar` tinyint(3) unsigned GENERATED ALWAYS AS (0) VIRTUAL COMMENT 'еӨҙеғҸ(join(`role`.`avatar`))',
  `classes` tinyint(3) unsigned GENERATED ALWAYS AS (0) VIRTUAL COMMENT 'иҒҢдёҡ(join(`role`.`classes`))',
  `level` int(10) unsigned GENERATED ALWAYS AS (0) VIRTUAL COMMENT 'иҒҢдёҡ(join(`role`.`level`))',
  `vip_level` int(10) unsigned GENERATED ALWAYS AS (0) VIRTUAL COMMENT 'VIPзӯүзә§(join(`vip`.`vip_level`))',
  `flag` tinyint(3) unsigned GENERATED ALWAYS AS (0) VIRTUAL COMMENT 'ж ҮиҜҶ(flag)',
  PRIMARY KEY (`role_id`) USING BTREE
) ENGINE=InnoDB DEFAULT CHARSET=utf8mb4 COLLATE=utf8mb4_unicode_ci ROW_FORMAT=DYNAMIC COMMENT='е…¬дјҡи§’иүІиЎЁ';
/*!40101 SET character_set_client = @saved_cs_client */;

--
-- Dumping data for table `guild_role`
--

LOCK TABLES `guild_role` WRITE;
/*!40000 ALTER TABLE `guild_role` DISABLE KEYS */;
/*!40000 ALTER TABLE `guild_role` ENABLE KEYS */;
UNLOCK TABLES;

--
-- Table structure for table `increment`
--

DROP TABLE IF EXISTS `increment`;
/*!40101 SET @saved_cs_client     = @@character_set_client */;
/*!40101 SET character_set_client = utf8 */;
CREATE TABLE `increment` (
  `name` char(255) NOT NULL DEFAULT '' COMMENT 'еҗҚеӯ—',
  `value` bigint(20) unsigned NOT NULL DEFAULT 0 COMMENT 'ж•°еҖј',
  PRIMARY KEY (`name`) USING BTREE
) ENGINE=InnoDB DEFAULT CHARSET=utf8mb4 COLLATE=utf8mb4_unicode_ci ROW_FORMAT=DYNAMIC COMMENT='иҮӘеўһиЎЁ';
/*!40101 SET character_set_client = @saved_cs_client */;

--
-- Dumping data for table `increment`
--

LOCK TABLES `increment` WRITE;
/*!40000 ALTER TABLE `increment` DISABLE KEYS */;
/*!40000 ALTER TABLE `increment` ENABLE KEYS */;
UNLOCK TABLES;

--
-- Table structure for table `item`
--

DROP TABLE IF EXISTS `item`;
/*!40101 SET @saved_cs_client     = @@character_set_client */;
/*!40101 SET character_set_client = utf8 */;
CREATE TABLE `item` (
  `item_no` bigint(20) unsigned NOT NULL AUTO_INCREMENT COMMENT 'зү©е“Ғзј–еҸ·',
  `role_id` bigint(20) unsigned NOT NULL DEFAULT 0 COMMENT 'и§’иүІID(select_by_role_id)',
  `item_id` int(10) unsigned NOT NULL DEFAULT 0 COMMENT 'зү©е“ҒID',
  `type` int(10) unsigned NOT NULL DEFAULT 0 COMMENT 'зұ»еһӢ',
  `number` int(10) unsigned NOT NULL DEFAULT 1 COMMENT 'ж•°йҮҸ',
  `expire_time` int(10) unsigned NOT NULL DEFAULT 0 COMMENT 'иҝҮжңҹж—¶й—ҙ',
  `flag` tinyint(3) unsigned GENERATED ALWAYS AS (0) VIRTUAL COMMENT 'ж ҮиҜҶ(flag)',
  PRIMARY KEY (`item_no`) USING BTREE,
  KEY `role_id` (`role_id`) USING BTREE
) ENGINE=InnoDB DEFAULT CHARSET=utf8mb4 COLLATE=utf8mb4_unicode_ci ROW_FORMAT=DYNAMIC COMMENT='и§’иүІзү©е“ҒиЎЁ';
/*!40101 SET character_set_client = @saved_cs_client */;

--
-- Dumping data for table `item`
--

LOCK TABLES `item` WRITE;
/*!40000 ALTER TABLE `item` DISABLE KEYS */;
/*!40000 ALTER TABLE `item` ENABLE KEYS */;
UNLOCK TABLES;

--
-- Table structure for table `item_consume_log`
--

DROP TABLE IF EXISTS `item_consume_log`;
/*!40101 SET @saved_cs_client     = @@character_set_client */;
/*!40101 SET character_set_client = utf8 */;
CREATE TABLE `item_consume_log` (
  `id` bigint(20) unsigned NOT NULL AUTO_INCREMENT COMMENT 'ID',
  `role_id` bigint(20) unsigned NOT NULL DEFAULT 0 COMMENT 'и§’иүІID',
  `item_id` int(10) unsigned NOT NULL DEFAULT 0 COMMENT 'зү©е“ҒID',
  `operation` varchar(32) NOT NULL DEFAULT '' COMMENT 'ж“ҚдҪң',
  `from` varchar(32) NOT NULL DEFAULT '' COMMENT 'жқҘжәҗ',
  `time` int(10) unsigned NOT NULL DEFAULT 0 COMMENT 'ж—¶й—ҙ',
  PRIMARY KEY (`id`) USING BTREE,
  KEY `role_id` (`role_id`) USING BTREE,
  KEY `time` (`time`) USING BTREE
) ENGINE=InnoDB DEFAULT CHARSET=utf8mb4 COLLATE=utf8mb4_unicode_ci ROW_FORMAT=DYNAMIC COMMENT='зү©е“Ғж¶Ҳиҙ№ж—Ҙеҝ—иЎЁ';
/*!40101 SET character_set_client = @saved_cs_client */;

--
-- Dumping data for table `item_consume_log`
--

LOCK TABLES `item_consume_log` WRITE;
/*!40000 ALTER TABLE `item_consume_log` DISABLE KEYS */;
/*!40000 ALTER TABLE `item_consume_log` ENABLE KEYS */;
UNLOCK TABLES;

--
-- Table structure for table `item_data`
--

DROP TABLE IF EXISTS `item_data`;
/*!40101 SET @saved_cs_client     = @@character_set_client */;
/*!40101 SET character_set_client = utf8 */;
CREATE TABLE `item_data` (
  `item_id` int(10) unsigned NOT NULL DEFAULT 0 COMMENT 'зү©е“Ғid',
  `type` int(10) unsigned NOT NULL DEFAULT 0 COMMENT 'зұ»еһӢ(validate(item_type))',
  `overlap` int(10) unsigned NOT NULL DEFAULT 1 COMMENT 'еҸ еҠ ж•°',
  `category` int(10) unsigned NOT NULL DEFAULT 0 COMMENT 'еҲҶзұ»ID',
  `expire_time` int(10) unsigned NOT NULL DEFAULT 0 COMMENT 'иҝҮжңҹж—¶й—ҙ',
  `use_number` int(10) unsigned NOT NULL DEFAULT 0 COMMENT 'дҪҝз”Ёж•°йҮҸ(0:дёҚиғҪзӣҙжҺҘдҪҝз”Ё/1:дёҖдёӘ/N:NдёӘ)',
  `use_effect` varchar(255) NOT NULL DEFAULT '' COMMENT 'дҪҝз”Ёж•Ҳжһң(validate(use_effect))',
  `use_value` int(10) unsigned NOT NULL DEFAULT 0 COMMENT 'дҪҝз”Ёж•Ҳжһңж•°еҖј',
  `name` char(255) NOT NULL DEFAULT '' COMMENT 'еҗҚеӯ—',
  `icon` char(255) NOT NULL DEFAULT '' COMMENT 'еӣҫж Ү',
  `description` char(255) NOT NULL DEFAULT '' COMMENT 'жҸҸиҝ°',
  PRIMARY KEY (`item_id`) USING BTREE
) ENGINE=InnoDB DEFAULT CHARSET=utf8mb4 COLLATE=utf8mb4_unicode_ci ROW_FORMAT=DYNAMIC COMMENT='зү©е“Ғй…ҚзҪ®иЎЁ';
/*!40101 SET character_set_client = @saved_cs_client */;

--
-- Dumping data for table `item_data`
--

LOCK TABLES `item_data` WRITE;
/*!40000 ALTER TABLE `item_data` DISABLE KEYS */;
INSERT INTO `item_data` VALUES (1,1,1000,0,0,0,'',0,'rust','file_type_rust.svg',''),(2,1,100,0,0,0,'',0,'erlang','file_type_erlang.svg',''),(3,1,10,0,0,0,'',0,'php','file_type_php.svg',''),(4,2,1,0,0,0,'',0,'lua','file_type_lua.svg',''),(5,2,1,0,0,0,'',0,'js','file_type_js.svg',''),(6,2,1,0,0,0,'',0,'html','file_type_html.svg',''),(7,2,1,0,604800,100,'',0,'css','file_type_css.svg',''),(100001,10,1,0,0,0,'gold',0,'gold','file_type_gold.svg',''),(100002,10,1,0,0,0,'silver',0,'silver','file_type_silver.svg',''),(100003,10,1,0,0,0,'copper',0,'copper','file_type_copper.svg',''),(100004,10,1,0,0,0,'exp',0,'exp','file_type_exp.svg',''),(100005,10,1,0,0,0,'coin',0,'coin','file_type_coin.svg','');
/*!40000 ALTER TABLE `item_data` ENABLE KEYS */;
UNLOCK TABLES;

--
-- Table structure for table `item_produce_log`
--

DROP TABLE IF EXISTS `item_produce_log`;
/*!40101 SET @saved_cs_client     = @@character_set_client */;
/*!40101 SET character_set_client = utf8 */;
CREATE TABLE `item_produce_log` (
  `id` bigint(20) unsigned NOT NULL AUTO_INCREMENT COMMENT 'ID',
  `role_id` bigint(20) unsigned NOT NULL DEFAULT 0 COMMENT 'и§’иүІID',
  `item_id` int(10) unsigned NOT NULL DEFAULT 0 COMMENT 'зү©е“ҒID',
  `operation` varchar(32) NOT NULL DEFAULT '' COMMENT 'ж“ҚдҪң',
  `from` varchar(32) NOT NULL DEFAULT '' COMMENT 'жқҘжәҗ',
  `time` int(10) unsigned NOT NULL DEFAULT 0 COMMENT 'ж—¶й—ҙ',
  PRIMARY KEY (`id`) USING BTREE,
  KEY `role_id` (`role_id`) USING BTREE,
  KEY `time` (`time`) USING BTREE
) ENGINE=InnoDB DEFAULT CHARSET=utf8mb4 COLLATE=utf8mb4_unicode_ci ROW_FORMAT=DYNAMIC COMMENT='зү©е“Ғдә§еҮәж—Ҙеҝ—иЎЁ';
/*!40101 SET character_set_client = @saved_cs_client */;

--
-- Dumping data for table `item_produce_log`
--

LOCK TABLES `item_produce_log` WRITE;
/*!40000 ALTER TABLE `item_produce_log` DISABLE KEYS */;
/*!40000 ALTER TABLE `item_produce_log` ENABLE KEYS */;
UNLOCK TABLES;

--
-- Table structure for table `key`
--

DROP TABLE IF EXISTS `key`;
/*!40101 SET @saved_cs_client     = @@character_set_client */;
/*!40101 SET character_set_client = utf8 */;
CREATE TABLE `key` (
  `role_id` bigint(20) unsigned NOT NULL DEFAULT 0 COMMENT 'и§’иүІID',
  `key` char(255) NOT NULL DEFAULT '' COMMENT 'з Ғ(select_by_key)',
  PRIMARY KEY (`role_id`,`key`) USING BTREE,
  KEY `key` (`key`) USING BTREE
) ENGINE=InnoDB DEFAULT CHARSET=utf8mb4 COLLATE=utf8mb4_unicode_ci ROW_FORMAT=DYNAMIC COMMENT='и§’иүІе…‘жҚўз ҒиЎЁ';
/*!40101 SET character_set_client = @saved_cs_client */;

--
-- Dumping data for table `key`
--

LOCK TABLES `key` WRITE;
/*!40000 ALTER TABLE `key` DISABLE KEYS */;
/*!40000 ALTER TABLE `key` ENABLE KEYS */;
UNLOCK TABLES;

--
-- Table structure for table `key_award_data`
--

DROP TABLE IF EXISTS `key_award_data`;
/*!40101 SET @saved_cs_client     = @@character_set_client */;
/*!40101 SET character_set_client = utf8 */;
CREATE TABLE `key_award_data` (
  `type` int(10) unsigned NOT NULL DEFAULT 0 COMMENT 'зұ»еһӢ',
  `is_unique` varchar(255) NOT NULL DEFAULT '' COMMENT 'жҳҜеҗҰе”ҜдёҖ(validate(boolean))',
  `award` varchar(255) NOT NULL DEFAULT '' COMMENT 'еҘ–еҠұ',
  PRIMARY KEY (`type`) USING BTREE
) ENGINE=InnoDB DEFAULT CHARSET=utf8mb4 COLLATE=utf8mb4_unicode_ci ROW_FORMAT=DYNAMIC COMMENT='е…‘жҚўз ҒеҘ–еҠұй…ҚзҪ®иЎЁ';
/*!40101 SET character_set_client = @saved_cs_client */;

--
-- Dumping data for table `key_award_data`
--

LOCK TABLES `key_award_data` WRITE;
/*!40000 ALTER TABLE `key_award_data` DISABLE KEYS */;
INSERT INTO `key_award_data` VALUES (1,'false','[{700001,1},{700002,2},{700003,3}]'),(2,'true','[{700001,1},{700002,2},{700003,3}]');
/*!40000 ALTER TABLE `key_award_data` ENABLE KEYS */;
UNLOCK TABLES;

--
-- Table structure for table `key_data`
--

DROP TABLE IF EXISTS `key_data`;
/*!40101 SET @saved_cs_client     = @@character_set_client */;
/*!40101 SET character_set_client = utf8 */;
CREATE TABLE `key_data` (
  `key` char(255) NOT NULL DEFAULT '' COMMENT 'з Ғ',
  `type` int(10) unsigned NOT NULL DEFAULT 0 COMMENT 'зұ»еһӢ',
  PRIMARY KEY (`key`) USING BTREE,
  KEY `key` (`key`) USING BTREE
) ENGINE=InnoDB DEFAULT CHARSET=utf8mb4 COLLATE=utf8mb4_unicode_ci ROW_FORMAT=DYNAMIC COMMENT='е…‘жҚўз Ғй…ҚзҪ®иЎЁ';
/*!40101 SET character_set_client = @saved_cs_client */;

--
-- Dumping data for table `key_data`
--

LOCK TABLES `key_data` WRITE;
/*!40000 ALTER TABLE `key_data` DISABLE KEYS */;
INSERT INTO `key_data` VALUES ('fake',2),('test',1);
/*!40000 ALTER TABLE `key_data` ENABLE KEYS */;
UNLOCK TABLES;

--
-- Table structure for table `level_data`
--

DROP TABLE IF EXISTS `level_data`;
/*!40101 SET @saved_cs_client     = @@character_set_client */;
/*!40101 SET character_set_client = utf8 */;
CREATE TABLE `level_data` (
  `level` int(10) unsigned NOT NULL DEFAULT 0 COMMENT 'зӯүзә§',
  `exp` int(10) unsigned NOT NULL DEFAULT 0 COMMENT 'з»ҸйӘҢ',
  PRIMARY KEY (`level`)
) ENGINE=InnoDB DEFAULT CHARSET=utf8mb4 COLLATE=utf8mb4_unicode_ci ROW_FORMAT=DYNAMIC COMMENT='зӯүзә§й…ҚзҪ®иЎЁ';
/*!40101 SET character_set_client = @saved_cs_client */;

--
-- Dumping data for table `level_data`
--

LOCK TABLES `level_data` WRITE;
/*!40000 ALTER TABLE `level_data` DISABLE KEYS */;
INSERT INTO `level_data` VALUES (0,100),(1,200),(2,300),(3,400),(4,500),(5,600),(6,700),(7,800),(8,900),(9,1000);
/*!40000 ALTER TABLE `level_data` ENABLE KEYS */;
UNLOCK TABLES;

--
-- Table structure for table `login_log`
--

DROP TABLE IF EXISTS `login_log`;
/*!40101 SET @saved_cs_client     = @@character_set_client */;
/*!40101 SET character_set_client = utf8 */;
CREATE TABLE `login_log` (
  `id` bigint(20) unsigned NOT NULL AUTO_INCREMENT COMMENT 'ID',
  `role_id` bigint(20) unsigned NOT NULL DEFAULT 0 COMMENT 'и§’иүІID',
  `ip` char(255) NOT NULL DEFAULT '' COMMENT 'зҷ»еҪ•IP',
  `device_id` char(255) NOT NULL DEFAULT '' COMMENT 'и®ҫеӨҮID',
  `login_time` int(10) unsigned NOT NULL DEFAULT 0 COMMENT 'зҷ»еҪ•ж—¶й—ҙ',
  `online_time` int(10) unsigned NOT NULL DEFAULT 0 COMMENT 'еңЁзәҝж—¶й—ҙ',
  `logout_time` int(10) unsigned NOT NULL DEFAULT 0 COMMENT 'зҷ»еҮәж—¶й—ҙ',
  `time` int(10) unsigned NOT NULL DEFAULT 0 COMMENT 'ж—¶й—ҙ',
  PRIMARY KEY (`id`) USING BTREE,
  KEY `role_id` (`role_id`) USING BTREE,
  KEY `time` (`time`) USING BTREE
) ENGINE=InnoDB DEFAULT CHARSET=utf8mb4 COLLATE=utf8mb4_unicode_ci ROW_FORMAT=DYNAMIC COMMENT='зҷ»еҪ•ж—Ҙеҝ—';
/*!40101 SET character_set_client = @saved_cs_client */;

--
-- Dumping data for table `login_log`
--

LOCK TABLES `login_log` WRITE;
/*!40000 ALTER TABLE `login_log` DISABLE KEYS */;
/*!40000 ALTER TABLE `login_log` ENABLE KEYS */;
UNLOCK TABLES;

--
-- Table structure for table `lucky_money`
--

DROP TABLE IF EXISTS `lucky_money`;
/*!40101 SET @saved_cs_client     = @@character_set_client */;
/*!40101 SET character_set_client = utf8 */;
CREATE TABLE `lucky_money` (
  `lucky_money_no` bigint(20) unsigned NOT NULL AUTO_INCREMENT COMMENT 'зәўеҢ…зј–еҸ·',
  `server_id` int(10) unsigned NOT NULL DEFAULT 0 COMMENT 'жңҚеҠЎеҷЁID',
  `role_id` bigint(20) unsigned NOT NULL DEFAULT 0 COMMENT 'и§’иүІID',
  `role_name` char(16) NOT NULL DEFAULT '' COMMENT 'и§’иүІеҗҚ',
  `guild_id` bigint(20) unsigned NOT NULL DEFAULT 0 COMMENT 'е…¬дјҡID',
  `guild_name` char(16) NOT NULL DEFAULT '' COMMENT 'е…¬дјҡеҗҚ',
  `total_gold` int(10) unsigned NOT NULL DEFAULT 0 COMMENT 'жҖ»йҮ‘еёҒ',
  `remain_gold` int(10) unsigned NOT NULL DEFAULT 0 COMMENT 'еү©дҪҷйҮ‘еёҒ',
  `total_number` int(10) unsigned NOT NULL DEFAULT 0 COMMENT 'жҖ»дәәж•°',
  `receive_number` int(10) unsigned NOT NULL DEFAULT 0 COMMENT 'е·ІйўҶеҸ–дәәж•°',
  `receive_list` varchar(0) GENERATED ALWAYS AS ('') VIRTUAL COMMENT 'йўҶеҸ–еҲ—иЎЁ',
  `scope` varchar(255) NOT NULL DEFAULT '' COMMENT 'иҢғеӣҙ',
  `restrict` bigint(20) unsigned NOT NULL DEFAULT 0 COMMENT 'йҷҗеҲ¶',
  `skin` int(10) unsigned NOT NULL DEFAULT 0 COMMENT 'зҡ®иӮӨ',
  `message` char(255) NOT NULL DEFAULT '' COMMENT 'ж¶ҲжҒҜ',
  `time` int(10) unsigned NOT NULL DEFAULT 0 COMMENT 'еҸ‘йҖҒж—¶й—ҙ',
  `flag` tinyint(3) unsigned GENERATED ALWAYS AS (0) VIRTUAL COMMENT 'ж ҮиҜҶ(flag)',
  PRIMARY KEY (`lucky_money_no`) USING BTREE
) ENGINE=InnoDB DEFAULT CHARSET=utf8mb4 COLLATE=utf8mb4_unicode_ci ROW_FORMAT=DYNAMIC COMMENT='зәўеҢ…дҝЎжҒҜиЎЁ';
/*!40101 SET character_set_client = @saved_cs_client */;

--
-- Dumping data for table `lucky_money`
--

LOCK TABLES `lucky_money` WRITE;
/*!40000 ALTER TABLE `lucky_money` DISABLE KEYS */;
/*!40000 ALTER TABLE `lucky_money` ENABLE KEYS */;
UNLOCK TABLES;

--
-- Table structure for table `lucky_money_role`
--

DROP TABLE IF EXISTS `lucky_money_role`;
/*!40101 SET @saved_cs_client     = @@character_set_client */;
/*!40101 SET character_set_client = utf8 */;
CREATE TABLE `lucky_money_role` (
  `lucky_money_no` bigint(20) unsigned NOT NULL DEFAULT 0 COMMENT 'зәўеҢ…зј–еҸ·(delete_by_lucky_money_no)',
  `server_id` int(10) unsigned NOT NULL DEFAULT 0 COMMENT 'жңҚеҠЎеҷЁID',
  `role_id` bigint(20) unsigned NOT NULL DEFAULT 0 COMMENT 'и§’иүІID',
  `role_name` char(16) NOT NULL DEFAULT '' COMMENT 'и§’иүІеҗҚ',
  `guild_id` bigint(20) unsigned NOT NULL DEFAULT 0 COMMENT 'е…¬дјҡID',
  `guild_name` char(16) NOT NULL DEFAULT '' COMMENT 'е…¬дјҡеҗҚ',
  `gold` int(10) unsigned NOT NULL DEFAULT 0 COMMENT 'йўҶеҸ–йҮ‘еёҒж•°',
  `time` int(10) unsigned NOT NULL DEFAULT 0 COMMENT 'йўҶеҸ–ж—¶й—ҙ',
  `flag` tinyint(3) unsigned GENERATED ALWAYS AS (0) VIRTUAL COMMENT 'ж ҮиҜҶ(flag)',
  PRIMARY KEY (`lucky_money_no`,`role_id`) USING BTREE
) ENGINE=InnoDB DEFAULT CHARSET=utf8mb4 COLLATE=utf8mb4_unicode_ci ROW_FORMAT=DYNAMIC COMMENT='зәўеҢ…и§’иүІиЎЁ';
/*!40101 SET character_set_client = @saved_cs_client */;

--
-- Dumping data for table `lucky_money_role`
--

LOCK TABLES `lucky_money_role` WRITE;
/*!40000 ALTER TABLE `lucky_money_role` DISABLE KEYS */;
/*!40000 ALTER TABLE `lucky_money_role` ENABLE KEYS */;
UNLOCK TABLES;

--
-- Table structure for table `mail`
--

DROP TABLE IF EXISTS `mail`;
/*!40101 SET @saved_cs_client     = @@character_set_client */;
/*!40101 SET character_set_client = utf8 */;
CREATE TABLE `mail` (
  `mail_id` bigint(20) unsigned NOT NULL AUTO_INCREMENT COMMENT 'йӮ®д»¶ID',
  `role_id` bigint(20) unsigned NOT NULL DEFAULT 0 COMMENT 'и§’иүІID(select_by_role_id)',
  `receive_time` int(10) unsigned NOT NULL DEFAULT 0 COMMENT 'жҺҘж”¶ж—¶й—ҙ',
  `expire_time` int(10) unsigned NOT NULL DEFAULT 0 COMMENT 'иҝҮжңҹж—¶й—ҙ',
  `read_time` int(10) unsigned NOT NULL DEFAULT 0 COMMENT 'иҜ»еҸ–ж—¶й—ҙ(update_read)',
  `receive_attachment_time` int(10) unsigned NOT NULL DEFAULT 0 COMMENT 'йўҶеҸ–йҷ„д»¶ж—¶й—ҙ(update_receive)',
  `title` char(255) NOT NULL DEFAULT '' COMMENT 'ж Үйўҳ',
  `content` char(255) NOT NULL DEFAULT '' COMMENT 'еҶ…е®№',
  `attachment` varchar(255) NOT NULL DEFAULT '' COMMENT 'йҷ„д»¶',
  `from` varchar(32) NOT NULL DEFAULT '' COMMENT 'жқҘжәҗ',
  `flag` tinyint(3) unsigned GENERATED ALWAYS AS (0) VIRTUAL COMMENT 'ж ҮиҜҶ(flag)',
  PRIMARY KEY (`mail_id`) USING BTREE,
  KEY `role_id` (`role_id`) USING BTREE
) ENGINE=InnoDB DEFAULT CHARSET=utf8mb4 COLLATE=utf8mb4_unicode_ci ROW_FORMAT=DYNAMIC COMMENT='и§’иүІйӮ®д»¶иЎЁ';
/*!40101 SET character_set_client = @saved_cs_client */;

--
-- Dumping data for table `mail`
--

LOCK TABLES `mail` WRITE;
/*!40000 ALTER TABLE `mail` DISABLE KEYS */;
/*!40000 ALTER TABLE `mail` ENABLE KEYS */;
UNLOCK TABLES;

--
-- Table structure for table `map_data`
--

DROP TABLE IF EXISTS `map_data`;
/*!40101 SET @saved_cs_client     = @@character_set_client */;
/*!40101 SET character_set_client = utf8 */;
CREATE TABLE `map_data` (
  `map_id` int(10) unsigned NOT NULL DEFAULT 0 COMMENT 'ең°еӣҫID',
  `type` varchar(255) NOT NULL DEFAULT '' COMMENT 'е№ҝж’ӯзұ»еһӢ(validate(map_type))',
  `reconnect` varchar(255) NOT NULL DEFAULT '' COMMENT 'жҳҜеҗҰйҮҚиҝһ(validate(boolean))',
  `monsters` varchar(255) NOT NULL DEFAULT '' COMMENT 'йҡҸең°еӣҫеҗҜеҠЁзҡ„жҖӘзү©',
  `rank_key` varchar(255) NOT NULL DEFAULT '' COMMENT 'жҰңй”®зұ»еһӢ(validate(map_rank_key))',
  `rank_value` varchar(255) NOT NULL DEFAULT '' COMMENT 'жҰңеҖјзұ»еһӢ(validate(map_rank_value))',
  `rank_mode` varchar(255) NOT NULL DEFAULT '' COMMENT 'жҰңжЁЎејҸ(validate(map_rank_mode))',
  `enter_points` varchar(255) NOT NULL DEFAULT '' COMMENT 'иҝӣе…ҘзӮ№',
  `pk_mode` varchar(255) NOT NULL DEFAULT '' COMMENT 'PKжЁЎејҸ',
  `enter_script` varchar(255) NOT NULL DEFAULT '' COMMENT 'иҝӣе…Ҙи„ҡжң¬',
  `relive_script` varchar(255) NOT NULL DEFAULT '' COMMENT 'еӨҚжҙ»и„ҡжң¬',
  `leave_script` varchar(255) NOT NULL DEFAULT '' COMMENT 'зҰ»ејҖи„ҡжң¬',
  PRIMARY KEY (`map_id`) USING BTREE
) ENGINE=InnoDB DEFAULT CHARSET=utf8mb4 COLLATE=utf8mb4_unicode_ci ROW_FORMAT=DYNAMIC COMMENT='ең°еӣҫй…ҚзҪ®иЎЁ';
/*!40101 SET character_set_client = @saved_cs_client */;

--
-- Dumping data for table `map_data`
--

LOCK TABLES `map_data` WRITE;
/*!40000 ALTER TABLE `map_data` DISABLE KEYS */;
INSERT INTO `map_data` VALUES (100000,'slice','false','','','hurt','share','','','','',''),(110001,'full','false','','camp','hurt','share','','','','',''),(110002,'full','false','','camp','hurt','share','','','','',''),(110003,'full','false','','camp','hurt','share','','','','',''),(120001,'full','false','','team','hurt','share','','','','',''),(120002,'full','false','','team','hurt','share','','','','',''),(120003,'full','false','','team','hurt','share','','','','',''),(200001,'slice','true','','guild','hurt','share','','','','',''),(200002,'slice','true','','guild','hurt','share','','','','',''),(200003,'slice','true','','guild','hurt','share','','','','',''),(300001,'slice','true','','role','hurt','share','','','','',''),(300002,'slice','true','','role','hurt','share','','','','',''),(300003,'slice','true','','role','hurt','share','','','','','');
/*!40000 ALTER TABLE `map_data` ENABLE KEYS */;
UNLOCK TABLES;

--
-- Table structure for table `monster_data`
--

DROP TABLE IF EXISTS `monster_data`;
/*!40101 SET @saved_cs_client     = @@character_set_client */;
/*!40101 SET character_set_client = utf8 */;
CREATE TABLE `monster_data` (
  `monster_id` int(10) unsigned NOT NULL DEFAULT 0 COMMENT 'жҖӘзү©ID',
  `type` int(10) unsigned NOT NULL DEFAULT 0 COMMENT 'зұ»еһӢID',
  `name` char(255) NOT NULL DEFAULT '' COMMENT 'жҖӘзү©еҗҚз§°',
  `description` char(255) NOT NULL DEFAULT '' COMMENT 'жҖӘзү©жҸҸиҝ°',
  `level` int(10) unsigned NOT NULL DEFAULT 0 COMMENT 'зӯүзә§',
  `hp` bigint(20) unsigned NOT NULL DEFAULT 0 COMMENT 'иЎҖйҮҸ',
  `map_id` int(10) unsigned NOT NULL DEFAULT 0 COMMENT 'ең°еӣҫID',
  `camp` int(10) unsigned NOT NULL DEFAULT 0 COMMENT 'йҳөиҗҘ',
  `range` int(10) unsigned NOT NULL DEFAULT 0 COMMENT 'ж”»еҮ»и·қзҰ»',
  `distance` int(10) unsigned NOT NULL DEFAULT 0 COMMENT 'жҗңзҙўи·қзҰ»',
  `relive_time` int(10) unsigned NOT NULL DEFAULT 0 COMMENT 'еӨҚжҙ»ж—¶й—ҙ',
  `act_type` varchar(255) NOT NULL DEFAULT '' COMMENT 'еҠЁдҪңзұ»еһӢ(validate(act_type))',
  `act_script` varchar(255) NOT NULL DEFAULT '' COMMENT 'еҠЁдҪңи„ҡжң¬(enemy:ж•Ңдәә/role:зҺ©е®¶/monster:жҖӘзү©/{monster,з»„ID}:зү№е®ҡжҖӘзү©)',
  `skills` varchar(255) NOT NULL DEFAULT '' COMMENT 'жҠҖиғҪ',
  `born_points` varchar(255) NOT NULL DEFAULT '' COMMENT 'еҮәз”ҹзӮ№',
  `award` varchar(255) NOT NULL DEFAULT '' COMMENT 'еҘ–еҠұ',
  PRIMARY KEY (`monster_id`) USING BTREE
) ENGINE=InnoDB DEFAULT CHARSET=utf8mb4 COLLATE=utf8mb4_unicode_ci ROW_FORMAT=DYNAMIC COMMENT='жҖӘзү©й…ҚзҪ®иЎЁ';
/*!40101 SET character_set_client = @saved_cs_client */;

--
-- Dumping data for table `monster_data`
--

LOCK TABLES `monster_data` WRITE;
/*!40000 ALTER TABLE `monster_data` DISABLE KEYS */;
INSERT INTO `monster_data` VALUES (1,1,'active','active',1,100,200001,1,1,300,0,'active','[role]','[1]','[{10,10},{20,10},{30,10},{40,10},{50,10},{60,10},{70,10},{10,10},{90,10},{100,10}]','[{100005,100}]'),(2,2,'passive','passive',1,200,200002,1,2,300,0,'passive','[enemy]','[1]','[{40,10}]','[{100005,200}]'),(3,3,'movable','movable',1,300,200003,1,3,300,0,'movable','','','[{60,10}]','[{100005,300}]'),(4,4,'fix','fix',1,400,0,1,4,300,0,'fix','','','[{80,10}]',''),(5,5,'act','act',1,500,0,1,5,300,0,'fix','[enemy]','','[{100,10}]',''),(6,6,'boom','boom',1,600,0,1,6,300,0,'active','[{monster, 20}, {monster, 50}, role]','','[{120,10}]','[{100005,600}]'),(7,5,'act','act',1,700,0,1,7,300,0,'fix','[enemy]','','[{140,10}]',''),(8,6,'boom','boom',1,800,0,1,8,300,0,'fix','[{monster, 20}, {monster, 50}, role]','','[{160,10}]','');
/*!40000 ALTER TABLE `monster_data` ENABLE KEYS */;
UNLOCK TABLES;

--
-- Table structure for table `notice`
--

DROP TABLE IF EXISTS `notice`;
/*!40101 SET @saved_cs_client     = @@character_set_client */;
/*!40101 SET character_set_client = utf8 */;
CREATE TABLE `notice` (
  `notice_id` bigint(20) unsigned NOT NULL AUTO_INCREMENT COMMENT 'е…¬е‘ҠID',
  `type` tinyint(3) unsigned NOT NULL DEFAULT 0 COMMENT 'зұ»еһӢ',
  `receive_time` int(10) unsigned NOT NULL DEFAULT 0 COMMENT 'жҺҘж”¶ж—¶й—ҙ',
  `expire_time` int(10) unsigned NOT NULL DEFAULT 0 COMMENT 'иҝҮжңҹж—¶й—ҙ',
  `title` char(255) CHARACTER SET utf8mb4 COLLATE utf8mb4_unicode_ci NOT NULL DEFAULT '' COMMENT 'ж Үйўҳ',
  `content` char(255) CHARACTER SET utf8mb4 COLLATE utf8mb4_unicode_ci NOT NULL DEFAULT '' COMMENT 'еҶ…е®№',
  `attachment` varchar(255) CHARACTER SET utf8mb4 COLLATE utf8mb4_unicode_ci NOT NULL DEFAULT '' COMMENT 'йҷ„д»¶',
  `from` varchar(32) CHARACTER SET utf8mb4 COLLATE utf8mb4_unicode_ci NOT NULL DEFAULT '' COMMENT 'жқҘжәҗ',
  PRIMARY KEY (`notice_id`) USING BTREE
) ENGINE=InnoDB DEFAULT CHARSET=utf8mb4 COLLATE=utf8mb4_general_ci COMMENT='е…¬е‘ҠиЎЁ';
/*!40101 SET character_set_client = @saved_cs_client */;

--
-- Dumping data for table `notice`
--

LOCK TABLES `notice` WRITE;
/*!40000 ALTER TABLE `notice` DISABLE KEYS */;
/*!40000 ALTER TABLE `notice` ENABLE KEYS */;
UNLOCK TABLES;

--
-- Table structure for table `online_log`
--

DROP TABLE IF EXISTS `online_log`;
/*!40101 SET @saved_cs_client     = @@character_set_client */;
/*!40101 SET character_set_client = utf8 */;
CREATE TABLE `online_log` (
  `id` bigint(20) unsigned NOT NULL AUTO_INCREMENT COMMENT 'ID',
  `total` int(10) unsigned NOT NULL DEFAULT 0 COMMENT 'жҖ»и®Ў',
  `online` int(10) unsigned NOT NULL DEFAULT 0 COMMENT 'еңЁзәҝ',
  `hosting` int(10) unsigned NOT NULL DEFAULT 0 COMMENT 'жҢӮжңә',
  `hour` int(10) unsigned NOT NULL DEFAULT 0 COMMENT 'еҪ“еүҚе°Ҹж—¶',
  `time` int(10) unsigned NOT NULL DEFAULT 0 COMMENT 'еҪ“еүҚж—¶й—ҙ',
  PRIMARY KEY (`id`) USING BTREE,
  KEY `time` (`time`) USING BTREE
) ENGINE=InnoDB DEFAULT CHARSET=utf8mb4 COLLATE=utf8mb4_unicode_ci ROW_FORMAT=DYNAMIC COMMENT='еңЁзәҝз»ҹи®Ўж—Ҙеҝ—';
/*!40101 SET character_set_client = @saved_cs_client */;

--
-- Dumping data for table `online_log`
--

LOCK TABLES `online_log` WRITE;
/*!40000 ALTER TABLE `online_log` DISABLE KEYS */;
/*!40000 ALTER TABLE `online_log` ENABLE KEYS */;
UNLOCK TABLES;

--
-- Table structure for table `parameter_data`
--

DROP TABLE IF EXISTS `parameter_data`;
/*!40101 SET @saved_cs_client     = @@character_set_client */;
/*!40101 SET character_set_client = utf8 */;
CREATE TABLE `parameter_data` (
  `key` varchar(255) NOT NULL DEFAULT '' COMMENT 'еҸӮж•°й”®',
  `value` varchar(255) NOT NULL DEFAULT '' COMMENT 'еҸӮж•°еҖј',
  `description` char(255) NOT NULL DEFAULT '' COMMENT 'еҸӮж•°еҗҚз§°',
  PRIMARY KEY (`key`) USING BTREE
) ENGINE=InnoDB DEFAULT CHARSET=utf8mb4 COLLATE=utf8mb4_unicode_ci ROW_FORMAT=DYNAMIC COMMENT='жёёжҲҸеҸӮж•°й…ҚзҪ®иЎЁ';
/*!40101 SET character_set_client = @saved_cs_client */;

--
-- Dumping data for table `parameter_data`
--

LOCK TABLES `parameter_data` WRITE;
/*!40000 ALTER TABLE `parameter_data` DISABLE KEYS */;
INSERT INTO `parameter_data` VALUES ('bag_size','100','иЈ…еӨҮиғҢеҢ…еӨ§е°Ҹ'),('chat_cd','0','иҒҠеӨ©еҶ·еҚҙж—¶й—ҙ'),('chat_guild_size_limit','100','е…¬дјҡиҒҠеӨ©дҝқз•ҷжқЎж•°'),('chat_level','0','иҒҠеӨ©ејҖж”ҫзӯүзә§'),('chat_private_size_limit','100','з§ҒиҒҠдҝқз•ҷжқЎж•°'),('chat_system_size_limit','100','зі»з»ҹдҝЎжҒҜжқЎж•°'),('chat_world_size_limit','100','дё–з•ҢиҒҠеӨ©дҝқз•ҷжқЎж•°'),('dungeon_inspire_buff_id','3','еүҜжң¬йј“иҲһBuffID'),('friend_level','0','еҘҪеҸӢејҖж”ҫзӯүзә§'),('friend_number','50','еҘҪеҸӢдёҠйҷҗ'),('guild_create_cd','86400','е…¬дјҡеҲӣе»әеҶ·еҚҙж—¶й—ҙ'),('guild_join_cd','86400','е…¬дјҡеҠ е…ҘеҶ·еҚҙж—¶й—ҙ'),('guild_member_limit','[{0, 50}, {1, 60}, {2, 70}, {3, 80}, {4, 90}, {5, 100}]','е…¬дјҡдәәе‘ҳж•°'),('item_size','100','йҒ“е…·иғҢеҢ…еӨ§е°Ҹ'),('language','zhCN','й»ҳи®ӨиҜӯиЁҖ'),('login_cd','180','зҷ»еҪ•ж—¶й—ҙй—ҙйҡ”'),('mail_expire_time','604800','йӮ®д»¶иҝҮжңҹж—¶й—ҙ'),('mail_max_item','10','еҚ•е°ҒйӮ®д»¶жңҖеӨ§зү©е“Ғж•°'),('store_size','100','д»“еә“еӨ§е°Ҹ'),('time_zone','8','ж—¶еҢә');
/*!40000 ALTER TABLE `parameter_data` ENABLE KEYS */;
UNLOCK TABLES;

--
-- Table structure for table `rank`
--

DROP TABLE IF EXISTS `rank`;
/*!40101 SET @saved_cs_client     = @@character_set_client */;
/*!40101 SET character_set_client = utf8 */;
CREATE TABLE `rank` (
  `type` int(10) unsigned NOT NULL DEFAULT 0 COMMENT 'зұ»еһӢ(select_by_type)(delete_by_type)',
  `order` int(10) unsigned NOT NULL DEFAULT 0 COMMENT 'жҺ’еҗҚ',
  `key` bigint(20) unsigned NOT NULL DEFAULT 0 COMMENT 'й”®',
  `value` bigint(20) unsigned NOT NULL DEFAULT 0 COMMENT 'еҖј',
  `time` int(10) unsigned NOT NULL DEFAULT 0 COMMENT 'ж—¶й—ҙ',
  `name` char(16) NOT NULL DEFAULT '' COMMENT 'еҗҚеӯ—',
  `server_id` int(10) unsigned NOT NULL DEFAULT 0 COMMENT 'жңҚеҠЎеҷЁID',
  `digest` varchar(255) NOT NULL DEFAULT '' COMMENT 'ж‘ҳиҰҒж•°жҚ®',
  `extra` varchar(255) NOT NULL DEFAULT '' COMMENT 'йўқеӨ–ж•°жҚ®',
  `other` varchar(255) NOT NULL DEFAULT '' COMMENT 'е…¶д»–ж•°жҚ®',
  `flag` tinyint(3) unsigned GENERATED ALWAYS AS (1) VIRTUAL COMMENT 'ж ҮиҜҶ(flag)',
  PRIMARY KEY (`type`,`order`) USING BTREE,
  KEY `order` (`order`) USING BTREE
) ENGINE=InnoDB DEFAULT CHARSET=utf8mb4 COLLATE=utf8mb4_unicode_ci ROW_FORMAT=DYNAMIC COMMENT='и§’иүІжҺ’иЎҢиЎЁ';
/*!40101 SET character_set_client = @saved_cs_client */;

--
-- Dumping data for table `rank`
--

LOCK TABLES `rank` WRITE;
/*!40000 ALTER TABLE `rank` DISABLE KEYS */;
/*!40000 ALTER TABLE `rank` ENABLE KEYS */;
UNLOCK TABLES;

--
-- Table structure for table `charge`
--

DROP TABLE IF EXISTS `charge`;
/*!40101 SET @saved_cs_client     = @@character_set_client */;
/*!40101 SET character_set_client = utf8 */;
CREATE TABLE `charge` (
  `charge_no` bigint(20) unsigned NOT NULL AUTO_INCREMENT COMMENT 'е……еҖјзј–еҸ·',
  `charge_id` int(10) unsigned NOT NULL DEFAULT 0 COMMENT 'е……еҖјID',
  `order_id` char(255) NOT NULL DEFAULT '' COMMENT 'и®ўеҚ•ID',
  `channel` char(255) NOT NULL DEFAULT '' COMMENT 'жё йҒ“',
  `role_id` bigint(20) unsigned NOT NULL DEFAULT 0 COMMENT 'зҺ©е®¶ID',
  `role_name` char(16) NOT NULL DEFAULT '' COMMENT 'зҺ©е®¶еҗҚз§°',
  `money` decimal(10,2) unsigned NOT NULL DEFAULT 0.00 COMMENT 'е……еҖјйҮ‘йўқ',
  `status` tinyint(3) unsigned NOT NULL DEFAULT 0 COMMENT 'зҠ¶жҖҒ(update_status)',
  `time` int(10) unsigned NOT NULL DEFAULT 0 COMMENT 'и®ўеҚ•ж—¶й—ҙ',
  PRIMARY KEY (`charge_no`) USING BTREE,
  UNIQUE KEY `order_id` (`order_id`) USING BTREE,
  KEY `channel` (`channel`) USING BTREE,
  KEY `time` (`time`) USING BTREE,
  KEY `role_id` (`role_id`) USING BTREE
) ENGINE=InnoDB DEFAULT CHARSET=utf8mb4 COLLATE=utf8mb4_unicode_ci ROW_FORMAT=DYNAMIC COMMENT='и§’иүІе……еҖји®ўеҚ•иЎЁ';
/*!40101 SET character_set_client = @saved_cs_client */;

--
-- Dumping data for table `charge`
--

LOCK TABLES `charge` WRITE;
/*!40000 ALTER TABLE `charge` DISABLE KEYS */;
/*!40000 ALTER TABLE `charge` ENABLE KEYS */;
UNLOCK TABLES;

--
-- Table structure for table `charge_data`
--

DROP TABLE IF EXISTS `charge_data`;
/*!40101 SET @saved_cs_client     = @@character_set_client */;
/*!40101 SET character_set_client = utf8 */;
CREATE TABLE `charge_data` (
  `charge_id` int(10) unsigned NOT NULL DEFAULT 0 COMMENT 'е……еҖјID',
  `type` int(10) unsigned NOT NULL DEFAULT 0 COMMENT 'зұ»еһӢ(жҷ®йҖҡе……еҖј:0/иҙӯд№°жңҲеҚЎ:1)',
  `limit` int(10) unsigned NOT NULL DEFAULT 0 COMMENT 'йҷҗеҲ¶ж•°йҮҸ',
  `exp` int(10) unsigned NOT NULL DEFAULT 0 COMMENT 'з»ҸйӘҢ',
  `original_price` decimal(10,2) unsigned NOT NULL DEFAULT 0.00 COMMENT 'еҺҹд»·',
  `now_price` decimal(10,2) unsigned NOT NULL DEFAULT 0.00 COMMENT 'зҺ°д»·',
  `gold` int(10) unsigned NOT NULL DEFAULT 0 COMMENT 'йҮ‘еёҒ',
  `gift_gold` int(10) unsigned NOT NULL DEFAULT 0 COMMENT 'иө йҖҒйҮ‘еёҒ',
  `begin_open_days` int(10) unsigned NOT NULL DEFAULT 0 COMMENT 'з»“жқҹж—¶й—ҙпјҢи·ҹејҖжңҚзӣёе…іпјҢеЎ«еӨ©ж•°',
  `end_open_days` int(10) unsigned NOT NULL DEFAULT 0 COMMENT 'з»“жқҹж—¶й—ҙпјҢи·ҹејҖжңҚзӣёе…іпјҢеЎ«еӨ©ж•°',
  `sort` int(10) unsigned NOT NULL DEFAULT 0 COMMENT 'жҺ’еәҸ',
  `icon` char(255) NOT NULL DEFAULT '' COMMENT 'еӣҫзүҮ',
  `name` char(255) NOT NULL DEFAULT '' COMMENT 'еҗҚеӯ—',
  `description` char(255) NOT NULL DEFAULT '' COMMENT 'жҸҸиҝ°',
  PRIMARY KEY (`charge_id`) USING BTREE
) ENGINE=InnoDB DEFAULT CHARSET=utf8mb4 COLLATE=utf8mb4_unicode_ci ROW_FORMAT=DYNAMIC COMMENT='е……еҖјй…ҚзҪ®иЎЁ';
/*!40101 SET character_set_client = @saved_cs_client */;

--
-- Dumping data for table `charge_data`
--

LOCK TABLES `charge_data` WRITE;
/*!40000 ALTER TABLE `charge_data` DISABLE KEYS */;
INSERT INTO `charge_data` VALUES (1,3,1,6,6.00,6.00,6,0,1,9999,1,'0','иҮіе°ҠзҘһе…өе®қз®ұ',''),(2,1,1,18,18.00,18.00,18,5,1,9999,2,'1','е…ғе®қ',''),(3,1,1,68,68.00,68.00,68,40,1,9999,3,'2','е…ғе®қ',''),(4,1,1,128,128.00,128.00,128,90,1,9999,4,'3','е…ғе®қ',''),(5,1,1,268,268.00,268.00,268,190,1,9999,5,'4','е…ғе®қ',''),(6,1,1,588,588.00,588.00,588,330,1,9999,6,'5','е…ғе®қ',''),(7,1,1,688,688.00,688.00,688,590,1,9999,7,'6','е…ғе®қ',''),(8,1,1,888,888.00,888.00,888,1300,1,9999,8,'7','е…ғе®қ',''),(9,2,1,1288,1288.00,1288.00,1288,0,1,9999,0,'','е‘ЁеҚЎ',''),(10,6,1,8888,8888.00,8888.00,8888,0,1,9999,0,'','жңҲеҚЎ','');
/*!40000 ALTER TABLE `charge_data` ENABLE KEYS */;
UNLOCK TABLES;

--
-- Table structure for table `reference_data`
--

DROP TABLE IF EXISTS `reference_data`;
/*!40101 SET @saved_cs_client     = @@character_set_client */;
/*!40101 SET character_set_client = utf8 */;
CREATE TABLE `reference_data` (
  `key` varchar(255) NOT NULL DEFAULT '' COMMENT 'й”®',
  `value` char(255) NOT NULL DEFAULT '' COMMENT 'еҖј',
  `description` char(255) NOT NULL DEFAULT '' COMMENT 'жҸҸиҝ°',
  PRIMARY KEY (`key`,`value`) USING BTREE
) ENGINE=InnoDB DEFAULT CHARSET=utf8mb4 COLLATE=utf8mb4_unicode_ci COMMENT='ж•°жҚ®еҸӮиҖғй…ҚзҪ®иЎЁ';
/*!40101 SET character_set_client = @saved_cs_client */;

--
-- Dumping data for table `reference_data`
--

LOCK TABLES `reference_data` WRITE;
/*!40000 ALTER TABLE `reference_data` DISABLE KEYS */;
INSERT INTO `reference_data` VALUES ('condition','{classes, n}','иҒҢдёҡдёәn'),('condition','{level, n}','зӯүзә§nзә§'),('condition','{sex, n}','жҖ§еҲ«дёәn'),('condition','{vip, n}','VIPзӯүзә§nзә§');
/*!40000 ALTER TABLE `reference_data` ENABLE KEYS */;
UNLOCK TABLES;

--
-- Table structure for table `role`
--

DROP TABLE IF EXISTS `role`;
/*!40101 SET @saved_cs_client     = @@character_set_client */;
/*!40101 SET character_set_client = utf8 */;
CREATE TABLE `role` (
  `role_id` bigint(20) unsigned NOT NULL AUTO_INCREMENT COMMENT 'и§’иүІID',
  `role_name` char(16) NOT NULL DEFAULT '' COMMENT 'и§’иүІеҗҚ(update_name)',
  `server_id` int(10) unsigned NOT NULL DEFAULT 0 COMMENT 'жңҚеҠЎеҷЁID',
  `account_name` char(16) NOT NULL DEFAULT '' COMMENT 'иҙҰжҲ·',
  `origin_server_id` int(10) unsigned NOT NULL DEFAULT 0 COMMENT 'еҺҹжңҚеҠЎеҷЁID',
  `type` tinyint(3) unsigned NOT NULL DEFAULT 0 COMMENT 'иҙҰжҲ·зұ»еһӢ',
  `status` tinyint(3) unsigned NOT NULL DEFAULT 0 COMMENT 'иҙҰжҲ·зҠ¶жҖҒ',
  `sex` tinyint(3) unsigned NOT NULL DEFAULT 0 COMMENT 'жҖ§еҲ«',
  `avatar` tinyint(3) unsigned NOT NULL DEFAULT 0 COMMENT 'еӨҙеғҸ',
  `classes` tinyint(3) unsigned NOT NULL DEFAULT 0 COMMENT 'иҒҢдёҡ',
  `level` int(10) unsigned NOT NULL DEFAULT 0 COMMENT 'зӯүзә§',
  `is_online` tinyint(3) unsigned NOT NULL DEFAULT 0 COMMENT 'жҳҜеҗҰеңЁзәҝ',
  `register_time` int(10) unsigned NOT NULL DEFAULT 0 COMMENT 'жіЁеҶҢж—¶й—ҙ',
  `login_time` int(10) unsigned NOT NULL DEFAULT 0 COMMENT 'зҷ»еҪ•ж—¶й—ҙ',
  `logout_time` int(10) unsigned NOT NULL DEFAULT 0 COMMENT 'зҷ»еҮәж—¶й—ҙ',
  `world_chat_time` int(10) unsigned NOT NULL DEFAULT 0 COMMENT 'дё–з•ҢиҒҠеӨ©ж—¶й—ҙ',
  `guild_chat_time` int(10) unsigned NOT NULL DEFAULT 0 COMMENT 'е…¬дјҡиҒҠеӨ©ж—¶й—ҙ',
  `first_charge_time` int(10) unsigned NOT NULL DEFAULT 0 COMMENT 'йҰ–е……ж—¶й—ҙ',
  `last_charge_time` int(10) unsigned NOT NULL DEFAULT 0 COMMENT 'жңҖеҗҺе……еҖјж—¶й—ҙ',
  `charge_total` decimal(10,2) unsigned NOT NULL DEFAULT 0.00 COMMENT 'жҖ»е……еҖј',
  `item_size` int(10) unsigned NOT NULL DEFAULT 0 COMMENT 'жҷ®йҖҡиғҢеҢ…еӨ§е°Ҹ',
  `bag_size` int(10) unsigned NOT NULL DEFAULT 0 COMMENT 'иЈ…еӨҮиғҢеҢ…еӨ§е°Ҹ',
  `store_size` int(10) unsigned NOT NULL DEFAULT 0 COMMENT 'д»“еә“иғҢеҢ…еӨ§е°Ҹ',
  `map` varchar(255) NOT NULL DEFAULT '' COMMENT 'ең°еӣҫ',
  `channel` char(255) NOT NULL DEFAULT '' COMMENT 'жё йҒ“',
  `device_id` char(255) NOT NULL DEFAULT '' COMMENT 'и®ҫеӨҮID',
  `device_type` char(255) NOT NULL DEFAULT '' COMMENT 'и®ҫеӨҮзұ»еһӢ',
  `mac` char(255) NOT NULL DEFAULT '' COMMENT 'Macең°еқҖ',
  `ip` char(255) NOT NULL DEFAULT '' COMMENT 'IPең°еқҖ',
  PRIMARY KEY (`role_id`) USING BTREE,
  UNIQUE KEY `role_name` (`role_name`) USING BTREE,
  KEY `account_name` (`account_name`) USING BTREE,
  KEY `register_time` (`register_time`) USING BTREE,
  KEY `first_charge_time` (`first_charge_time`) USING BTREE
) ENGINE=InnoDB DEFAULT CHARSET=utf8mb4 COLLATE=utf8mb4_unicode_ci ROW_FORMAT=DYNAMIC COMMENT='и§’иүІдҝЎжҒҜиЎЁ';
/*!40101 SET character_set_client = @saved_cs_client */;

--
-- Dumping data for table `role`
--

LOCK TABLES `role` WRITE;
/*!40000 ALTER TABLE `role` DISABLE KEYS */;
/*!40000 ALTER TABLE `role` ENABLE KEYS */;
UNLOCK TABLES;

--
-- Table structure for table `role_log`
--

DROP TABLE IF EXISTS `role_log`;
/*!40101 SET @saved_cs_client     = @@character_set_client */;
/*!40101 SET character_set_client = utf8 */;
CREATE TABLE `role_log` (
  `id` bigint(20) unsigned NOT NULL AUTO_INCREMENT COMMENT 'ID',
  `role_id` bigint(20) unsigned NOT NULL DEFAULT 0 COMMENT 'и§’иүІID',
  `exp` int(10) unsigned NOT NULL DEFAULT 0 COMMENT 'з»ҸйӘҢ',
  `time` int(10) unsigned NOT NULL DEFAULT 0 COMMENT 'ж—¶й—ҙ',
  PRIMARY KEY (`id`) USING BTREE,
  KEY `role_id` (`role_id`) USING BTREE,
  KEY `time` (`time`) USING BTREE
) ENGINE=InnoDB DEFAULT CHARSET=utf8mb4 COLLATE=utf8mb4_unicode_ci ROW_FORMAT=DYNAMIC COMMENT='и§’иүІж—Ҙеҝ—иЎЁ';
/*!40101 SET character_set_client = @saved_cs_client */;

--
-- Dumping data for table `role_log`
--

LOCK TABLES `role_log` WRITE;
/*!40000 ALTER TABLE `role_log` DISABLE KEYS */;
/*!40000 ALTER TABLE `role_log` ENABLE KEYS */;
UNLOCK TABLES;

--
-- Table structure for table `role_notice`
--

DROP TABLE IF EXISTS `role_notice`;
/*!40101 SET @saved_cs_client     = @@character_set_client */;
/*!40101 SET character_set_client = utf8 */;
CREATE TABLE `role_notice` (
  `role_id` bigint(20) unsigned NOT NULL DEFAULT 0 COMMENT 'и§’иүІID(select_by_role_id)',
  `notice_id` bigint(20) unsigned NOT NULL DEFAULT 0 COMMENT 'е…¬е‘ҠID(join_on(`notice`.`notice_id`))',
  `receive_time` int(10) unsigned GENERATED ALWAYS AS (0) VIRTUAL COMMENT 'жҺҘж”¶ж—¶й—ҙ(join(`notice`.`receive_time`))',
  `expire_time` int(10) unsigned GENERATED ALWAYS AS (0) VIRTUAL COMMENT 'иҝҮжңҹж—¶й—ҙ(join(`notice`.`expire_time`))',
  `read_time` int(10) unsigned NOT NULL DEFAULT 0 COMMENT 'иҜ»еҸ–ж—¶й—ҙ(update_read)',
  `title` char(255) GENERATED ALWAYS AS ('') VIRTUAL COMMENT 'ж Үйўҳ',
  `content` char(255) GENERATED ALWAYS AS ('') VIRTUAL COMMENT 'еҶ…е®№',
  `flag` tinyint(3) unsigned GENERATED ALWAYS AS (0) VIRTUAL COMMENT 'ж ҮиҜҶ(flag)',
  PRIMARY KEY (`role_id`,`notice_id`) USING BTREE,
  KEY `notice_id` (`notice_id`)
) ENGINE=InnoDB DEFAULT CHARSET=utf8mb4 COLLATE=utf8mb4_general_ci COMMENT='и§’иүІе…¬е‘ҠиЎЁ';
/*!40101 SET character_set_client = @saved_cs_client */;

--
-- Dumping data for table `role_notice`
--

LOCK TABLES `role_notice` WRITE;
/*!40000 ALTER TABLE `role_notice` DISABLE KEYS */;
/*!40000 ALTER TABLE `role_notice` ENABLE KEYS */;
UNLOCK TABLES;

--
-- Table structure for table `sensitive_word_data`
--

DROP TABLE IF EXISTS `sensitive_word_data`;
/*!40101 SET @saved_cs_client     = @@character_set_client */;
/*!40101 SET character_set_client = utf8 */;
CREATE TABLE `sensitive_word_data` (
  `word` varchar(255) NOT NULL DEFAULT '' COMMENT 'ж•Ҹж„ҹиҜҚ',
  PRIMARY KEY (`word`) USING BTREE
) ENGINE=InnoDB DEFAULT CHARSET=utf8mb4 COLLATE=utf8mb4_unicode_ci ROW_FORMAT=DYNAMIC COMMENT='ж•Ҹж„ҹиҜҚй…ҚзҪ®иЎЁ';
/*!40101 SET character_set_client = @saved_cs_client */;

--
-- Dumping data for table `sensitive_word_data`
--

LOCK TABLES `sensitive_word_data` WRITE;
/*!40000 ALTER TABLE `sensitive_word_data` DISABLE KEYS */;
/*!40000 ALTER TABLE `sensitive_word_data` ENABLE KEYS */;
UNLOCK TABLES;

--
-- Table structure for table `sex_data`
--

DROP TABLE IF EXISTS `sex_data`;
/*!40101 SET @saved_cs_client     = @@character_set_client */;
/*!40101 SET character_set_client = utf8 */;
CREATE TABLE `sex_data` (
  `sex` int(10) unsigned NOT NULL DEFAULT 0 COMMENT 'зү©е“Ғй…ҚзҪ®ID',
  `name` char(255) NOT NULL DEFAULT '' COMMENT 'иө„дә§зұ»еһӢ',
  PRIMARY KEY (`sex`) USING BTREE
) ENGINE=InnoDB DEFAULT CHARSET=utf8mb4 COLLATE=utf8mb4_unicode_ci ROW_FORMAT=DYNAMIC COMMENT='жҖ§еҲ«й…ҚзҪ®иЎЁ';
/*!40101 SET character_set_client = @saved_cs_client */;

--
-- Dumping data for table `sex_data`
--

LOCK TABLES `sex_data` WRITE;
/*!40000 ALTER TABLE `sex_data` DISABLE KEYS */;
INSERT INTO `sex_data` VALUES (1,'з”·'),(2,'еҘі');
/*!40000 ALTER TABLE `sex_data` ENABLE KEYS */;
UNLOCK TABLES;

--
-- Table structure for table `shop`
--

DROP TABLE IF EXISTS `shop`;
/*!40101 SET @saved_cs_client     = @@character_set_client */;
/*!40101 SET character_set_client = utf8 */;
CREATE TABLE `shop` (
  `role_id` bigint(20) unsigned NOT NULL DEFAULT 0 COMMENT 'и§’иүІID(select_by_role_id)',
  `shop_id` int(10) unsigned NOT NULL DEFAULT 0 COMMENT 'е•Ҷеә—ID',
  `number` int(10) unsigned NOT NULL DEFAULT 0 COMMENT 'ж•°йҮҸ',
  `flag` tinyint(3) unsigned GENERATED ALWAYS AS (0) VIRTUAL COMMENT 'ж ҮиҜҶ(flag)',
  PRIMARY KEY (`role_id`,`shop_id`) USING BTREE
) ENGINE=InnoDB DEFAULT CHARSET=utf8mb4 COLLATE=utf8mb4_unicode_ci ROW_FORMAT=DYNAMIC COMMENT='и§’иүІе•Ҷеә—иЎЁ';
/*!40101 SET character_set_client = @saved_cs_client */;

--
-- Dumping data for table `shop`
--

LOCK TABLES `shop` WRITE;
/*!40000 ALTER TABLE `shop` DISABLE KEYS */;
/*!40000 ALTER TABLE `shop` ENABLE KEYS */;
UNLOCK TABLES;

--
-- Table structure for table `shop_data`
--

DROP TABLE IF EXISTS `shop_data`;
/*!40101 SET @saved_cs_client     = @@character_set_client */;
/*!40101 SET character_set_client = utf8 */;
CREATE TABLE `shop_data` (
  `shop_id` int(10) unsigned NOT NULL DEFAULT 0 COMMENT 'е•Ҷеә—ID',
  `item_id` int(10) unsigned NOT NULL DEFAULT 0 COMMENT 'зү©е“Ғй…ҚзҪ®ID',
  `type` int(10) unsigned NOT NULL DEFAULT 0 COMMENT 'е•Ҷеә—зұ»еһӢ',
  `pay_asset` varchar(255) NOT NULL DEFAULT '' COMMENT 'иҙ§еёҒзұ»еһӢ(validate(asset))',
  `price` int(10) unsigned NOT NULL DEFAULT 0 COMMENT 'д»·ж ј',
  `number` int(10) unsigned NOT NULL DEFAULT 1 COMMENT 'ж•°йҮҸ',
  `level` int(10) unsigned NOT NULL DEFAULT 0 COMMENT 'зӯүзә§йҷҗеҲ¶',
  `limit` int(10) unsigned NOT NULL DEFAULT 0 COMMENT 'иҙӯд№°дёҠйҷҗ',
  `vip_level` int(10) unsigned NOT NULL DEFAULT 0 COMMENT 'vipзӯүзә§йҷҗиҙӯ',
  `vip_limit` varchar(255) NOT NULL DEFAULT '' COMMENT 'vipзӯүзә§иҙӯд№°дёҠйҷҗ',
  `description` char(255) NOT NULL DEFAULT '' COMMENT 'жҸҸиҝ°',
  PRIMARY KEY (`shop_id`) USING BTREE
) ENGINE=InnoDB DEFAULT CHARSET=utf8mb4 COLLATE=utf8mb4_unicode_ci ROW_FORMAT=DYNAMIC COMMENT='е•Ҷеә—й…ҚзҪ®иЎЁ';
/*!40101 SET character_set_client = @saved_cs_client */;

--
-- Dumping data for table `shop_data`
--

LOCK TABLES `shop_data` WRITE;
/*!40000 ALTER TABLE `shop_data` DISABLE KEYS */;
INSERT INTO `shop_data` VALUES (1,1,1,'gold',10,1,0,10,0,'','');
/*!40000 ALTER TABLE `shop_data` ENABLE KEYS */;
UNLOCK TABLES;

--
-- Table structure for table `shop_log`
--

DROP TABLE IF EXISTS `shop_log`;
/*!40101 SET @saved_cs_client     = @@character_set_client */;
/*!40101 SET character_set_client = utf8 */;
CREATE TABLE `shop_log` (
  `id` bigint(20) unsigned NOT NULL AUTO_INCREMENT COMMENT 'ID',
  `role_id` bigint(20) unsigned NOT NULL DEFAULT 0 COMMENT 'и§’иүІID',
  `shop_id` int(10) unsigned NOT NULL DEFAULT 0 COMMENT 'е•Ҷеә—ID',
  `number` int(10) unsigned NOT NULL DEFAULT 0 COMMENT 'иҙӯд№°ж•°йҮҸ',
  `time` int(10) unsigned NOT NULL DEFAULT 0 COMMENT 'ж—¶й—ҙ',
  PRIMARY KEY (`id`) USING BTREE,
  KEY `role_id` (`role_id`) USING BTREE,
  KEY `time` (`time`) USING BTREE
) ENGINE=InnoDB DEFAULT CHARSET=utf8mb4 COLLATE=utf8mb4_unicode_ci ROW_FORMAT=DYNAMIC COMMENT='е•Ҷеә—ж—Ҙеҝ—иЎЁ';
/*!40101 SET character_set_client = @saved_cs_client */;

--
-- Dumping data for table `shop_log`
--

LOCK TABLES `shop_log` WRITE;
/*!40000 ALTER TABLE `shop_log` DISABLE KEYS */;
/*!40000 ALTER TABLE `shop_log` ENABLE KEYS */;
UNLOCK TABLES;

--
-- Table structure for table `sign`
--

DROP TABLE IF EXISTS `sign`;
/*!40101 SET @saved_cs_client     = @@character_set_client */;
/*!40101 SET character_set_client = utf8 */;
CREATE TABLE `sign` (
  `role_id` bigint(20) unsigned NOT NULL DEFAULT 0 COMMENT 'и§’иүІID',
  `login_day` int(10) unsigned NOT NULL DEFAULT 0 COMMENT 'зҷ»еҪ•еӨ©ж•°',
  `sign_total` int(10) unsigned NOT NULL DEFAULT 0 COMMENT 'зӯҫеҲ°жҖ»ж•°',
  `is_sign_today` tinyint(3) unsigned NOT NULL DEFAULT 0 COMMENT 'д»ҠеӨ©жҳҜеҗҰзӯҫеҲ°',
  PRIMARY KEY (`role_id`)
) ENGINE=InnoDB DEFAULT CHARSET=utf8mb4 COLLATE=utf8mb4_unicode_ci COMMENT='и§’иүІзӯҫеҲ°иЎЁ';
/*!40101 SET character_set_client = @saved_cs_client */;

--
-- Dumping data for table `sign`
--

LOCK TABLES `sign` WRITE;
/*!40000 ALTER TABLE `sign` DISABLE KEYS */;
/*!40000 ALTER TABLE `sign` ENABLE KEYS */;
UNLOCK TABLES;

--
-- Table structure for table `sign_active_data`
--

DROP TABLE IF EXISTS `sign_active_data`;
/*!40101 SET @saved_cs_client     = @@character_set_client */;
/*!40101 SET character_set_client = utf8 */;
CREATE TABLE `sign_active_data` (
  `day` int(10) unsigned NOT NULL DEFAULT 0 COMMENT 'зҙҜи®ЎеӨ©ж•°',
  `pre_day` int(10) unsigned NOT NULL DEFAULT 0 COMMENT 'еүҚдёҖдёӘйҳ¶ж®өID',
  `next_day` int(10) unsigned NOT NULL DEFAULT 0 COMMENT 'дёӢдёҖдёӘйҳ¶ж®өID',
  `score` int(10) unsigned NOT NULL DEFAULT 0 COMMENT 'з§ҜеҲҶ',
  PRIMARY KEY (`day`)
) ENGINE=InnoDB DEFAULT CHARSET=utf8mb4 COLLATE=utf8mb4_unicode_ci COMMENT='зӯҫеҲ°жҙ»и·ғеҘ–еҠұй…ҚзҪ®';
/*!40101 SET character_set_client = @saved_cs_client */;

--
-- Dumping data for table `sign_active_data`
--

LOCK TABLES `sign_active_data` WRITE;
/*!40000 ALTER TABLE `sign_active_data` DISABLE KEYS */;
INSERT INTO `sign_active_data` VALUES (2,0,5,1),(5,2,7,2),(7,5,10,3),(10,7,15,4),(15,10,20,5),(20,15,22,6),(22,20,25,7),(25,22,28,8),(28,25,30,9),(30,28,0,10);
/*!40000 ALTER TABLE `sign_active_data` ENABLE KEYS */;
UNLOCK TABLES;

--
-- Table structure for table `sign_data`
--

DROP TABLE IF EXISTS `sign_data`;
/*!40101 SET @saved_cs_client     = @@character_set_client */;
/*!40101 SET character_set_client = utf8 */;
CREATE TABLE `sign_data` (
  `day` tinyint(3) unsigned NOT NULL DEFAULT 0 COMMENT 'зӯҫеҲ°еӨ©ж•°',
  `award` varchar(255) NOT NULL DEFAULT '' COMMENT 'еҘ–еҠұ',
  PRIMARY KEY (`day`)
) ENGINE=InnoDB DEFAULT CHARSET=utf8mb4 COLLATE=utf8mb4_unicode_ci COMMENT='зӯҫеҲ°й…ҚзҪ®иЎЁ';
/*!40101 SET character_set_client = @saved_cs_client */;

--
-- Dumping data for table `sign_data`
--

LOCK TABLES `sign_data` WRITE;
/*!40000 ALTER TABLE `sign_data` DISABLE KEYS */;
INSERT INTO `sign_data` VALUES (1,'[{1,1}]'),(2,'[{2,1}]'),(3,'[{3,1}]'),(4,'[{4,1}]'),(5,'[{5,1}]'),(6,'[{6,1}]'),(7,'[{7,1}]');
/*!40000 ALTER TABLE `sign_data` ENABLE KEYS */;
UNLOCK TABLES;

--
-- Table structure for table `skill`
--

DROP TABLE IF EXISTS `skill`;
/*!40101 SET @saved_cs_client     = @@character_set_client */;
/*!40101 SET character_set_client = utf8 */;
CREATE TABLE `skill` (
  `role_id` bigint(20) unsigned NOT NULL DEFAULT 0 COMMENT 'и§’иүІID(select_by_role_id)',
  `skill_id` int(10) unsigned NOT NULL DEFAULT 0 COMMENT 'жҠҖиғҪID',
  `level` int(10) unsigned NOT NULL DEFAULT 0 COMMENT 'зӯүзә§',
  `flag` tinyint(3) unsigned GENERATED ALWAYS AS (0) VIRTUAL COMMENT 'ж ҮиҜҶ(flag)',
  PRIMARY KEY (`role_id`,`skill_id`) USING BTREE
) ENGINE=InnoDB DEFAULT CHARSET=utf8mb4 COLLATE=utf8mb4_unicode_ci ROW_FORMAT=DYNAMIC COMMENT='и§’иүІжҠҖиғҪиЎЁ';
/*!40101 SET character_set_client = @saved_cs_client */;

--
-- Dumping data for table `skill`
--

LOCK TABLES `skill` WRITE;
/*!40000 ALTER TABLE `skill` DISABLE KEYS */;
/*!40000 ALTER TABLE `skill` ENABLE KEYS */;
UNLOCK TABLES;

--
-- Table structure for table `skill_data`
--

DROP TABLE IF EXISTS `skill_data`;
/*!40101 SET @saved_cs_client     = @@character_set_client */;
/*!40101 SET character_set_client = utf8 */;
CREATE TABLE `skill_data` (
  `skill_id` int(10) unsigned NOT NULL DEFAULT 0 COMMENT 'жҠҖиғҪID',
  `type` varchar(255) NOT NULL DEFAULT '' COMMENT 'зұ»еһӢ(validate(skill_type))',
  `classes` tinyint(3) unsigned NOT NULL DEFAULT 0 COMMENT 'иҒҢдёҡ(validate(classes))',
  `name` char(255) NOT NULL DEFAULT '' COMMENT 'еҗҚеӯ—',
  `condition` varchar(255) NOT NULL DEFAULT '' COMMENT 'еӯҰд№ жқЎд»¶',
  `cost` varchar(255) NOT NULL DEFAULT '' COMMENT 'еҚҮзә§ж¶ҲиҖ—',
  `attribute` varchar(255) NOT NULL DEFAULT '' COMMENT 'еұһжҖ§',
  `effect` varchar(255) NOT NULL DEFAULT '' COMMENT 'дҪңз”Ёж•Ҳжһң',
  `cd` int(10) unsigned NOT NULL DEFAULT 0 COMMENT 'еҶ·еҚҙж—¶й—ҙ',
  `radius` int(10) unsigned NOT NULL DEFAULT 0 COMMENT 'дҪңз”ЁеҚҠеҫ„',
  `distance` int(10) unsigned NOT NULL DEFAULT 0 COMMENT 'дҪңз”Ёи·қзҰ»',
  `number` int(10) unsigned NOT NULL DEFAULT 0 COMMENT 'дҪңз”ЁеҜ№иұЎж•°',
  `buffs` varchar(255) NOT NULL DEFAULT '' COMMENT 'дҪңз”ЁBuff',
  `before_effects` varchar(255) NOT NULL DEFAULT '' COMMENT 'ж•ҲжһңеүҚ',
  `hit_effects` varchar(255) NOT NULL DEFAULT '' COMMENT 'еҮ»дёӯж•Ҳжһң',
  `after_effects` varchar(255) NOT NULL DEFAULT '' COMMENT 'ж•ҲжһңеҗҺ',
  `description` char(255) NOT NULL DEFAULT '' COMMENT 'жҸҸиҝ°',
  PRIMARY KEY (`skill_id`) USING BTREE
) ENGINE=InnoDB DEFAULT CHARSET=utf8mb4 COLLATE=utf8mb4_unicode_ci ROW_FORMAT=DYNAMIC COMMENT='жҠҖиғҪй…ҚзҪ®иЎЁ';
/*!40101 SET character_set_client = @saved_cs_client */;

--
-- Dumping data for table `skill_data`
--

LOCK TABLES `skill_data` WRITE;
/*!40000 ALTER TABLE `skill_data` DISABLE KEYS */;
INSERT INTO `skill_data` VALUES (1,'active',0,'жҷ®ж”»жҠҖиғҪ','','','','[1]',1,1000,1000,1,'','','','','еҜ№зӣ®ж ҮйҖ жҲҗ180%зҡ„дјӨе®і'),(2,'active',0,'зҫӨж”»жҠҖиғҪ','','','','[2]',1,1000,1000,30,'','','','','еҜ№3дёӘзӣ®ж ҮйҖ жҲҗ150%зҡ„дјӨе®і'),(3,'passive',0,'еўһзӣҠ','','','','[8]',10,1,1,1,'','','','','жҜҸз§’жүЈиЎҖпјҢжҖ»иЎҖйҮҸдёҮеҲҶд№Ӣ50'),(5,'active',0,'жҷ®ж”»жҠҖиғҪ','','','','[1]',1,1,1,1,'','','','','жҷ®йҖҡжҠҖиғҪ');
/*!40000 ALTER TABLE `skill_data` ENABLE KEYS */;
UNLOCK TABLES;

--
-- Table structure for table `state`
--

DROP TABLE IF EXISTS `state`;
/*!40101 SET @saved_cs_client     = @@character_set_client */;
/*!40101 SET character_set_client = utf8 */;
CREATE TABLE `state` (
  `name` char(255) NOT NULL DEFAULT '' COMMENT 'еҗҚеӯ—',
  `value` bigint(20) unsigned NOT NULL DEFAULT 0 COMMENT 'ж•°еҖј',
  PRIMARY KEY (`name`) USING BTREE
) ENGINE=InnoDB DEFAULT CHARSET=utf8mb4 COLLATE=utf8mb4_unicode_ci ROW_FORMAT=DYNAMIC COMMENT='зҠ¶жҖҒиЎЁ';
/*!40101 SET character_set_client = @saved_cs_client */;

--
-- Dumping data for table `state`
--

LOCK TABLES `state` WRITE;
/*!40000 ALTER TABLE `state` DISABLE KEYS */;
/*!40000 ALTER TABLE `state` ENABLE KEYS */;
UNLOCK TABLES;

--
-- Table structure for table `task`
--

DROP TABLE IF EXISTS `task`;
/*!40101 SET @saved_cs_client     = @@character_set_client */;
/*!40101 SET character_set_client = utf8 */;
CREATE TABLE `task` (
  `role_id` bigint(20) unsigned NOT NULL DEFAULT 0 COMMENT 'и§’иүІID(select_by_role_id)',
  `task_id` int(10) unsigned NOT NULL DEFAULT 0 COMMENT 'д»»еҠЎID',
  `type` int(10) unsigned NOT NULL DEFAULT 0 COMMENT 'зұ»еһӢ',
  `number` int(10) unsigned NOT NULL DEFAULT 0 COMMENT 'ж•°йҮҸ',
  `is_award` tinyint(3) unsigned NOT NULL DEFAULT 0 COMMENT 'жҳҜеҗҰйўҶеҸ–еҘ–еҠұ',
  `flag` tinyint(3) unsigned GENERATED ALWAYS AS (0) VIRTUAL COMMENT 'ж ҮиҜҶ(flag)',
  PRIMARY KEY (`role_id`,`type`) USING BTREE
) ENGINE=InnoDB DEFAULT CHARSET=utf8mb4 COLLATE=utf8mb4_unicode_ci ROW_FORMAT=DYNAMIC COMMENT='и§’иүІд»»еҠЎиЎЁ';
/*!40101 SET character_set_client = @saved_cs_client */;

--
-- Dumping data for table `task`
--

LOCK TABLES `task` WRITE;
/*!40000 ALTER TABLE `task` DISABLE KEYS */;
/*!40000 ALTER TABLE `task` ENABLE KEYS */;
UNLOCK TABLES;

--
-- Table structure for table `task_data`
--

DROP TABLE IF EXISTS `task_data`;
/*!40101 SET @saved_cs_client     = @@character_set_client */;
/*!40101 SET character_set_client = utf8 */;
CREATE TABLE `task_data` (
  `task_id` int(10) unsigned NOT NULL DEFAULT 0 COMMENT 'д»»еҠЎID',
  `type` int(10) unsigned NOT NULL DEFAULT 0 COMMENT 'зұ»еһӢ',
  `pre_id` int(10) unsigned NOT NULL DEFAULT 0 COMMENT 'еүҚзҪ®д»»еҠЎ',
  `next_id` int(10) unsigned NOT NULL DEFAULT 0 COMMENT 'еҗҺзҪ®д»»еҠЎ',
  `event` varchar(255) NOT NULL DEFAULT '' COMMENT 'дәӢд»¶(validate(event))',
  `compare` varchar(255) NOT NULL DEFAULT '' COMMENT 'жҜ”иҫғжЁЎејҸ(validate(compare))',
  `target` int(10) unsigned NOT NULL DEFAULT 0 COMMENT 'зӣ®ж Ү',
  `number` int(10) unsigned NOT NULL DEFAULT 0 COMMENT 'ж•°йҮҸ',
  `condition` varchar(255) NOT NULL DEFAULT '' COMMENT 'жқЎд»¶(ref(condition))',
  `cost` varchar(255) NOT NULL DEFAULT '' COMMENT 'ж¶ҲиҖ—',
  `award` varchar(255) NOT NULL DEFAULT '' COMMENT 'еҘ–еҠұ',
  `title` char(255) NOT NULL DEFAULT '' COMMENT 'ж Үйўҳ',
  `content` char(255) NOT NULL DEFAULT '' COMMENT 'еҶ…е®№',
  `description` char(255) NOT NULL DEFAULT '' COMMENT 'жҸҸиҝ°',
  PRIMARY KEY (`task_id`) USING BTREE
) ENGINE=InnoDB DEFAULT CHARSET=utf8mb4 COLLATE=utf8mb4_unicode_ci ROW_FORMAT=DYNAMIC COMMENT='д»»еҠЎй…ҚзҪ®иЎЁ';
/*!40101 SET character_set_client = @saved_cs_client */;

--
-- Dumping data for table `task_data`
--

LOCK TABLES `task_data` WRITE;
/*!40000 ALTER TABLE `task_data` DISABLE KEYS */;
INSERT INTO `task_data` VALUES (1,1,0,2,'event_kill_monster','nc',0,3,'[{level, 10}]','','[{1,1}]','','',''),(2,1,1,3,'event_level_upgrade','ge',5,1,'[{sex, 1}]','[{100003, 100}]','[{1,10}]','','',''),(3,1,2,4,'event_dungeon_passed','gt',2,1,'[{level, 10},{classes,2}]','','[{1,100}]','','',''),(4,1,3,5,'event_shop_buy','eq',1,1,'[{vip, 3}]','','[{1,1000}]','','',''),(5,1,4,0,'event_guild_join','nc',0,1,'[{classes, 1},{level, 2},{sex, 3},{vip, 4}]','','[{1,1000}]','','',''),(6,1,5,0,'event_add_friend','nc',0,5,'','','[{1,10}]','','',''),(1001,2,0,1002,'event_dungeon_exp_passed','ge',3,1,'','','[{1,10}]','','',''),(1002,2,1001,0,'event_friend_add','eq',1,1,'','','[{1,10}]','','',''),(100001,3,0,100002,'event_dungeon_copper_passed','eq',1,1,'','','[{1,10}]','','',''),(100002,3,100001,0,'event_guild_join','nc',0,1,'','','[{1,10}]','','','');
/*!40000 ALTER TABLE `task_data` ENABLE KEYS */;
UNLOCK TABLES;

--
-- Table structure for table `task_log`
--

DROP TABLE IF EXISTS `task_log`;
/*!40101 SET @saved_cs_client     = @@character_set_client */;
/*!40101 SET character_set_client = utf8 */;
CREATE TABLE `task_log` (
  `id` bigint(20) unsigned NOT NULL AUTO_INCREMENT COMMENT 'ID',
  `role_id` bigint(20) unsigned NOT NULL DEFAULT 0 COMMENT 'и§’иүІID',
  `task_id` int(10) unsigned NOT NULL DEFAULT 0 COMMENT 'д»»еҠЎID',
  `time` int(10) unsigned NOT NULL DEFAULT 0 COMMENT 'ж—¶й—ҙ',
  PRIMARY KEY (`id`) USING BTREE,
  KEY `role_id` (`role_id`) USING BTREE,
  KEY `time` (`time`) USING BTREE
) ENGINE=InnoDB DEFAULT CHARSET=utf8mb4 COLLATE=utf8mb4_unicode_ci ROW_FORMAT=DYNAMIC COMMENT='д»»еҠЎж—Ҙеҝ—иЎЁ';
/*!40101 SET character_set_client = @saved_cs_client */;

--
-- Dumping data for table `task_log`
--

LOCK TABLES `task_log` WRITE;
/*!40000 ALTER TABLE `task_log` DISABLE KEYS */;
/*!40000 ALTER TABLE `task_log` ENABLE KEYS */;
UNLOCK TABLES;

--
-- Table structure for table `text_data`
--

DROP TABLE IF EXISTS `text_data`;
/*!40101 SET @saved_cs_client     = @@character_set_client */;
/*!40101 SET character_set_client = utf8 */;
CREATE TABLE `text_data` (
  `key` varchar(255) NOT NULL DEFAULT '' COMMENT 'й”®',
  `zhCN` char(255) NOT NULL DEFAULT '' COMMENT 'з®ҖдҪ“дёӯж–Ү',
  `description` char(255) NOT NULL DEFAULT '' COMMENT 'жҸҸиҝ°',
  PRIMARY KEY (`key`) USING BTREE
) ENGINE=InnoDB DEFAULT CHARSET=utf8mb4 COLLATE=utf8mb4_unicode_ci ROW_FORMAT=DYNAMIC COMMENT='жёёжҲҸж–Үжң¬й…ҚзҪ®иЎЁ';
/*!40101 SET character_set_client = @saved_cs_client */;

--
-- Dumping data for table `text_data`
--

LOCK TABLES `text_data` WRITE;
/*!40000 ALTER TABLE `text_data` DISABLE KEYS */;
INSERT INTO `text_data` VALUES ('account_create_max','жңҚеҠЎеҷЁи§’иүІж•°йҮҸе·ІиҫҫеҲ°дёҠйҷҗ','ж–Үжң¬'),('account_login_forbidden','иҙҰеҸ·зҰҒжӯўзҷ»еҪ•','ж–Үжң¬'),('account_logout','зҷ»еҮә','ж–Үжң¬'),('account_not_found','жІЎжңүжүҫеҲ°жӯӨиҙҰеҸ·','ж–Үжң¬'),('account_permission_denied','иҙҰеҸ·жқғйҷҗдёҚи¶і','ж–Үжң¬'),('achievement_not_completed','жҲҗе°ұжңӘе®ҢжҲҗ','ж–Үжң¬'),('achievement_not_found','жІЎжңүжүҫеҲ°жӯӨжҲҗе°ұ','ж–Үжң¬'),('asset_copper_not_enough','й“ңеёҒдёҚи¶і','ж–Үжң¬'),('asset_gold_not_enough','йҮ‘еёҒдёҚи¶і','ж–Үжң¬'),('asset_not_enough','иө„дә§дёҚи¶і','ж–Үжң¬'),('asset_silver_not_enough','й“¶еёҒдёҚи¶і','ж–Үжң¬'),('auction_not_found','жІЎжңүжүҫеҲ°жӯӨжӢҚе“Ғ','ж–Үжң¬'),('auction_price_changed','жӢҚе“Ғд»·ж је·ІеҸ‘з”ҹеҸҳеҢ–','ж–Үжң¬'),('award_already_received','еҘ–еҠұе·Із»ҸйўҶеҸ–иҝҮдәҶ','ж–Үжң¬'),('award_error','еҘ–еҠұйўҶеҸ–й”ҷиҜҜ','ж–Үжң¬'),('award_pre_not_received','еүҚзҪ®еҘ–еҠұжңӘйўҶеҸ–','ж–Үжң¬'),('boss_dead','BOSSе·Із»Ҹжӯ»дәЎ','ж–Үжң¬'),('boss_not_found','жІЎжңүжүҫеҲ°жӯӨBoss','ж–Үжң¬'),('bubble_duplicated','ж°”жіЎйҮҚеӨҚ','ж–Үжң¬'),('buff_duplicated','BuffйҮҚеӨҚ','ж–Үжң¬'),('chat_cannot_with_self','дёҚиғҪе’ҢиҮӘе·ұиҒҠеӨ©','ж–Үжң¬'),('chat_too_frequently','еҸ‘иЁҖеӨӘйў‘з№Ғ','ж–Үжң¬'),('cheat_command_not_found','жІЎжңүжүҫеҲ°жӯӨе‘Ҫд»Ө','ж–Үжң¬'),('condition_not_met','жқЎд»¶дёҚж»Ўи¶і','ж–Үжң¬'),('configure_not_found','жІЎжңүжүҫеҲ°жӯӨй…ҚзҪ®','ж–Үжң¬'),('daily_not_completed','ж—Ҙеёёд»»еҠЎжңӘе®ҢжҲҗ','ж–Үжң¬'),('daily_score_not_enough','ж—Ҙеёёжҙ»и·ғеәҰдёҚи¶і','ж–Үжң¬'),('dungeon_not_found','жІЎжңүжүҫеҲ°жӯӨеүҜжң¬','ж–Үжң¬'),('dungeon_today_number_limit','д»Ҡж—Ҙиҝӣе…Ҙж¬Ўж•°е·ІиҫҫеҲ°дёҠйҷҗ','ж–Үжң¬'),('fashion_duplicated','ж—¶иЈ…йҮҚеӨҚ','ж–Үжң¬'),('friend_apply_not_found','жІЎжңүжүҫеҲ°жӯӨеҘҪеҸӢзҡ„з”іиҜ·','ж–Үжң¬'),('friend_in_apply','еҜ№ж–№е·ІеңЁз”іиҜ·еҲ—иЎЁдёӯ','ж–Үжң¬'),('friend_in_be_block','дҪ е·Іиў«еҜ№ж–№жӢүй»‘','ж–Үжң¬'),('friend_in_block','еҜ№ж–№е·ІеңЁй»‘еҗҚеҚ•дёӯ','ж–Үжң¬'),('friend_in_list','еҜ№ж–№е·ІеңЁеҘҪеҸӢеҲ—иЎЁдёӯ','ж–Үжң¬'),('friend_level_not_met','еҜ№ж–№еҘҪеҸӢзӯүзә§дёҚж»Ўи¶і','ж–Үжң¬'),('friend_not_found','жІЎжңүжүҫеҲ°жӯӨеҘҪеҸӢ','ж–Үжң¬'),('friend_number_max','еҘҪеҸӢж•°йҮҸиҫҫеҲ°дёҠйҷҗ','ж–Үжң¬'),('guild_already_joined','дҪ е·Із»ҸеҠ е…ҘиҝҮе…¬дјҡдәҶ','ж–Үжң¬'),('guild_apply_frequently','е…¬дјҡз”іиҜ·еӨӘйў‘з№Ғ','ж–Үжң¬'),('guild_apply_not_found','жІЎжңүжүҫеҲ°жӯӨз”іиҜ·','ж–Үжң¬'),('guild_cannot_kick_self','дёҚеҸҜеү”йҷӨиҮӘе·ұ','ж–Үжң¬'),('guild_cannot_update_self','дёҚеҸҜеҚҮзә§иҮӘе·ұ','ж–Үжң¬'),('guild_create_frequently','е…¬дјҡеҲӣе»әеӨӘйў‘з№Ғ','ж–Үжң¬'),('guild_member_not_found','жІЎжңүжүҫеҲ°жӯӨжҲҗе‘ҳ','ж–Үжң¬'),('guild_member_number_limit','е…¬дјҡжҲҗе‘ҳж•°йҮҸе·ІиҫҫеҲ°дёҠйҷҗ','ж–Үжң¬'),('guild_not_found','жІЎжңүжүҫеҲ°жӯӨе•Ҷдјҡ','ж–Үжң¬'),('guild_not_joined','жІЎжңүеҠ е…Ҙе…¬дјҡ','ж–Үжң¬'),('guild_permission_denied','е…¬дјҡжқғйҷҗдёҚи¶і','ж–Үжң¬'),('invalid_classes','ж— ж•ҲиҒҢдёҡ','ж–Үжң¬'),('invalid_item','ж— ж•Ҳзү©е“Ғ','ж–Үжң¬'),('invalid_number','ж— ж•Ҳж•°йҮҸ','ж–Үжң¬'),('invalid_sex','ж— ж•ҲжҖ§еҲ«','ж–Үжң¬'),('invalid_type','ж— ж•Ҳзұ»еһӢ','ж–Үжң¬'),('item_bag_full','иғҢеҢ…е·Іж»Ў','ж–Үжң¬'),('item_cannot_use_directly','зү©е“ҒдёҚиғҪзӣҙжҺҘдҪҝз”Ё','ж–Үжң¬'),('item_not_enough','зү©е“ҒдёҚи¶і','ж–Үжң¬'),('item_use_number_max','дҪҝз”ЁдёӘж•°и¶…иҝҮеҚ•ж¬ЎдҪҝз”ЁдёҠйҷҗ','ж–Үжң¬'),('key_already_activated','жҝҖжҙ»з Ғе·ІжҝҖжҙ»иҝҮ','ж–Үжң¬'),('key_already_active','жӯӨе…‘жҚўз Ғе·Із»Ҹе…‘жҚўиҝҮдәҶ','ж–Үжң¬'),('level_not_met','зӯүзә§дёҚж»Ўи¶і','ж–Үжң¬'),('lucky_money_already_received','зәўеҢ…е·ІйўҶеҸ–иҝҮ','ж–Үжң¬'),('lucky_money_expired','зәўеҢ…е·ІиҝҮжңҹ','ж–Үжң¬'),('lucky_money_not_found','жІЎжңүжүҫеҲ°жӯӨзәўеҢ…','ж–Үжң¬'),('mail_already_read','йӮ®д»¶е·Ійҳ…иҜ»иҝҮ','ж–Үжң¬'),('mail_attachment_empty','йҷ„д»¶дёәз©ә','ж–Үжң¬'),('mail_not_found','жІЎжңүжүҫеҲ°жӯӨйӮ®д»¶','ж–Үжң¬'),('mail_text_add_item_content','жӮЁзҡ„иғҢеҢ…е·Іж»ЎпјҢж–°еўһзҡ„йҒ“е…·е·Із»Ҹж”ҫеҲ°дәҶйӮ®д»¶йҮҢпјҢиҜ·жіЁж„ҸжҹҘж”¶гҖӮ','иғҢеҢ…ж»ЎеҶ…е®№'),('mail_text_add_item_title','иғҢеҢ…е·Іж»Ў','иғҢеҢ…ж»Ўж Үйўҳ'),('mail_text_auction_income_content','жӮЁзҡ„жӢҚеҚ–ж”¶е…ҘеҲҶжҲҗгҖӮ','жӢҚеҚ–еҲҶзәўеҶ…е®№'),('mail_text_auction_income_title','жӢҚеҚ–ж”¶е…Ҙ','жӢҚеҚ–еҲҶзәўж Үйўҳ'),('mail_text_auction_success_content','жӮЁзҡ„жӢҚеҚ–зү©е“ҒпјҢиҜ·жіЁж„ҸжҹҘж”¶гҖӮ','жӢҚеҚ–жҲҗеҠҹеҶ…е®№'),('mail_text_auction_success_title','жӢҚеҚ–жҲҗеҠҹ','жӢҚеҚ–жҲҗеҠҹж Үйўҳ'),('name_duplicate','еҗҚеӯ—йҮҚеӨҚ','ж–Үжң¬'),('name_duplicated','еҗҚеӯ—йҮҚеӨҚ','ж–Үжң¬'),('name_length','еҗҚеӯ—й•ҝеәҰдёҚеҜ№','ж–Үжң¬'),('name_length_invalid','еҗҚеӯ—й•ҝеәҰж— ж•Ҳ','ж–Үжң¬'),('name_not_utf8_charset','еҗҚеӯ—йқһUTF8еӯ—з¬Ұ','ж–Үжң¬'),('name_sensitive','еҗҚеӯ—ж•Ҹж„ҹ','ж–Үжң¬'),('notice_text_guild_create','<id>~w</id>~sеҲӣе»әе…¬дјҡ<id>~w</id>~s','еҲӣе»әе…¬дјҡе…¬е‘Ҡ'),('notice_text_level_upgrade','жҒӯе–ң<id>~w</id>~sеҚҮеҲ°~wзә§','еҚҮзә§е…¬е‘Ҡ'),('notice_text_vip_upgrade','жҒӯе–ң<id>~w</id>~sVipеҚҮеҲ°~wзә§','VipеҚҮзә§е…¬е‘Ҡ'),('packet_heartbeat_too_fast','еҝғи·іеҢ…йҖҹеәҰиҝҮеҝ«','ж–Үжң¬'),('packet_too_fast','еҢ…йҖҹеәҰиҝҮеҝ«','ж–Үжң¬'),('role_cannot_change_same_classes','иҒҢдёҡдёҚиғҪзӣёеҗҢ','ж–Үжң¬'),('role_cannot_change_same_name','еҗҚеӯ—дёҚиғҪзӣёеҗҢ','ж–Үжң¬'),('role_cannot_change_same_sex','жҖ§еҲ«дёҚиғҪзӣёеҗҢ','ж–Үжң¬'),('server_create_forbidden','жңҚеҠЎеҷЁзҰҒжӯўеҲӣе»әи§’иүІ','ж–Үжң¬'),('server_id_mismatch','жңҚеҠЎеҷЁIDдёҚеҢ№й…Қ','ж–Үжң¬'),('server_login_forbidden','жңҚеҠЎеҷЁзҰҒжӯўзҷ»еҪ•','ж–Үжң¬'),('server_update','жңҚеҠЎеҷЁжӣҙж–°','ж–Үжң¬'),('shop_buy_num_max','е·ІиҫҫеҲ°иҙӯд№°ж•°йҮҸдёҠйҷҗ','ж–Үжң¬'),('signed_already','е·Із»ҸзӯҫеҲ°иҝҮдәҶ','ж–Үжң¬'),('task_already_submitted','д»»еҠЎе·ІжҸҗдәӨ','ж–Үжң¬'),('task_not_completed','д»»еҠЎиҝҳжІЎе®ҢжҲҗ','ж–Үжң¬'),('task_not_found','жІЎжңүжүҫеҲ°жӯӨд»»еҠЎ','ж–Үжң¬'),('task_not_next','иҜ·жҢүйЎәеәҸе®ҢжҲҗ','ж–Үжң¬'),('task_pre_not_completed','еүҚзҪ®д»»еҠЎиҝҳжІЎе®ҢжҲҗ','ж–Үжң¬'),('timeout','иҜ·жұӮи¶…ж—¶','ж–Үжң¬'),('title_duplicated','з§°еҸ·йҮҚеӨҚ','ж–Үжң¬'),('user_offline','еҜ№ж–№дёҚеңЁзәҝ','ж–Үжң¬'),('vip_level_not_met','Vipзӯүзә§дёҚж»Ўи¶і','ж–Үжң¬');
/*!40000 ALTER TABLE `text_data` ENABLE KEYS */;
UNLOCK TABLES;

--
-- Table structure for table `title`
--

DROP TABLE IF EXISTS `title`;
/*!40101 SET @saved_cs_client     = @@character_set_client */;
/*!40101 SET character_set_client = utf8 */;
CREATE TABLE `title` (
  `role_id` bigint(20) unsigned NOT NULL DEFAULT 0 COMMENT 'и§’иүІID(select_by_role_id)(update_role_id)',
  `title_id` int(10) unsigned NOT NULL DEFAULT 0 COMMENT 'з§°еҸ·ID(select_by_title_id)',
  `type` int(10) unsigned NOT NULL DEFAULT 0 COMMENT 'зұ»еһӢ',
  `expire_time` int(10) unsigned NOT NULL DEFAULT 0 COMMENT 'иҝҮжңҹж—¶й—ҙ',
  `flag` tinyint(3) unsigned GENERATED ALWAYS AS (0) VIRTUAL COMMENT 'ж ҮиҜҶ(flag)',
  PRIMARY KEY (`role_id`,`title_id`) USING BTREE,
  KEY `title_id` (`title_id`)
) ENGINE=InnoDB DEFAULT CHARSET=utf8mb4 COLLATE=utf8mb4_unicode_ci ROW_FORMAT=DYNAMIC COMMENT='и§’иүІз§°еҸ·иЎЁ';
/*!40101 SET character_set_client = @saved_cs_client */;

--
-- Dumping data for table `title`
--

LOCK TABLES `title` WRITE;
/*!40000 ALTER TABLE `title` DISABLE KEYS */;
/*!40000 ALTER TABLE `title` ENABLE KEYS */;
UNLOCK TABLES;

--
-- Table structure for table `title_data`
--

DROP TABLE IF EXISTS `title_data`;
/*!40101 SET @saved_cs_client     = @@character_set_client */;
/*!40101 SET character_set_client = utf8 */;
CREATE TABLE `title_data` (
  `title_id` int(10) unsigned NOT NULL DEFAULT 0 COMMENT 'з§°еҸ·ID',
  `type` int(10) unsigned NOT NULL DEFAULT 0 COMMENT 'зұ»еһӢ',
  `multi` varchar(255) NOT NULL DEFAULT '' COMMENT 'еҗҢзұ»еһӢеҸҜеҗҰжӢҘжңүеӨҡдёӘ(validate(boolean))',
  `is_unique` varchar(255) NOT NULL DEFAULT '' COMMENT 'жҳҜеҗҰе…ЁжңҚе”ҜдёҖ(validate(boolean))',
  `expire_time` int(10) unsigned NOT NULL DEFAULT 0 COMMENT 'иҝҮжңҹж—¶й—ҙ',
  `attribute` varchar(255) NOT NULL DEFAULT '' COMMENT 'еұһжҖ§',
  `name` char(255) NOT NULL DEFAULT '' COMMENT 'з§°еҸ·еҗҚеӯ—',
  `description` char(255) NOT NULL DEFAULT '' COMMENT 'з§°еҸ·жҸҸиҝ°',
  PRIMARY KEY (`title_id`) USING BTREE
) ENGINE=InnoDB DEFAULT CHARSET=utf8mb4 COLLATE=utf8mb4_unicode_ci ROW_FORMAT=DYNAMIC COMMENT='з§°еҸ·й…ҚзҪ®иЎЁ';
/*!40101 SET character_set_client = @saved_cs_client */;

--
-- Dumping data for table `title_data`
--

LOCK TABLES `title_data` WRITE;
/*!40000 ALTER TABLE `title_data` DISABLE KEYS */;
INSERT INTO `title_data` VALUES (101,1,'false','false',0,'[{3,30},{4,40}]','е°ҸиҜ•зүӣеҲҖ','VIP1еҸҜиҺ·еҫ—'),(102,1,'false','false',0,'[{3,30},{4,40}]','жңүй’ұд»»жҖ§','VIP2еҸҜиҺ·еҫ—'),(103,1,'false','false',0,'[{3,30},{4,40}]','дёҖжҺ·еҚғйҮ‘','VIP3еҸҜиҺ·еҫ—'),(104,1,'false','false',0,'[{3,30},{4,40}]','и…°зј дёҮиҙҜ','VIP4еҸҜиҺ·еҫ—'),(105,1,'false','false',0,'[{3,30},{4,40}]','жҢҘйҮ‘еҰӮеңҹ','VIP5еҸҜиҺ·еҫ—'),(106,1,'false','false',0,'[{3,30},{4,40}]','еҜҢз”ІеӨ©дёӢ','VIP6еҸҜиҺ·еҫ—'),(107,1,'false','false',0,'[{3,30},{4,40}]','еҜҢеҸҜж•ҢеӣҪ','VIP7еҸҜиҺ·еҫ—'),(108,1,'false','false',0,'[{3,30},{4,40}]','дәәз”ҹе·…еі°','VIP8еҸҜиҺ·еҫ—'),(109,1,'false','false',0,'[{3,30},{4,40}]','иҮіе°ҠзҺӢиҖ…','VIP9еҸҜиҺ·еҫ—'),(110,1,'false','false',0,'[{3,30},{4,40}]','й«ҳжүӢеҜ№еҶі','VIP0еҸҜиҺ·еҫ—'),(201,2,'true','false',0,'[{6,60},{7,70}]','жӯҰиүәи¶…зҫӨ','ејҖжңҚеҶІжҰңжҙ»еҠЁиҺ·еҸ–'),(202,2,'true','false',0,'[{6,60},{7,70}]','еҮәзҘһе…ҘеҢ–','ејҖжңҚеҶІжҰңжҙ»еҠЁиҺ·еҸ–'),(203,2,'true','false',0,'[{6,60},{7,70}]','д»ҷжӯҰдё»е®°','ејҖжңҚеҶІжҰңжҙ»еҠЁиҺ·еҸ–'),(204,2,'true','false',0,'[{6,60},{7,70}]','й”»йҖ еӨ§еёҲ','ејҖжңҚеҶІжҰңжҙ»еҠЁиҺ·еҸ–'),(205,2,'true','false',0,'[{6,60},{7,70}]','й»‘жҡ—дё»е®°','ејҖжңҚеҶІжҰңжҙ»еҠЁиҺ·еҸ–'),(206,2,'true','false',0,'[{6,60},{7,70}]','иҒҡйӯӮе…Ҳй”Ӣ','ејҖжңҚеҶІжҰңжҙ»еҠЁиҺ·еҸ–'),(207,2,'true','false',0,'[{6,60},{7,70}]','е…ЁиҒҢй«ҳжүӢ','ејҖжңҚеҶІжҰңжҙ»еҠЁиҺ·еҸ–'),(208,2,'true','false',0,'[{6,60},{7,70}]','дәәдёӯд№Ӣйҫҷ','ејҖжңҚеҶІжҰңжҙ»еҠЁиҺ·еҸ–'),(209,2,'true','false',0,'[{6,60},{7,70}]','еӢҮиҖ…ж— з•Ҹ','ејҖжңҚеҶІжҰңжҙ»еҠЁиҺ·еҸ–'),(210,2,'true','false',0,'[{6,60},{7,70}]','з§°йңёеӨ©дёӢ','ејҖжңҚеҶІжҰңжҙ»еҠЁиҺ·еҸ–'),(10010,3,'false','true',604800,'[{5,50}]','еҪ’йҡҗеұұжһ—','е……еҖјиҺ·еҸ–');
/*!40000 ALTER TABLE `title_data` ENABLE KEYS */;
UNLOCK TABLES;

--
-- Table structure for table `title_log`
--

DROP TABLE IF EXISTS `title_log`;
/*!40101 SET @saved_cs_client     = @@character_set_client */;
/*!40101 SET character_set_client = utf8 */;
CREATE TABLE `title_log` (
  `id` bigint(20) unsigned NOT NULL AUTO_INCREMENT COMMENT 'ID',
  `role_id` bigint(20) unsigned NOT NULL DEFAULT 0 COMMENT 'и§’иүІID',
  `title_id` int(10) unsigned NOT NULL DEFAULT 0 COMMENT 'з§°еҸ·ID',
  `from` varchar(32) NOT NULL DEFAULT '' COMMENT 'жқҘжәҗ',
  `time` int(10) unsigned NOT NULL DEFAULT 0 COMMENT 'ж—¶й—ҙ',
  PRIMARY KEY (`id`) USING BTREE,
  KEY `role_id` (`role_id`) USING BTREE,
  KEY `time` (`time`) USING BTREE
) ENGINE=InnoDB DEFAULT CHARSET=utf8mb4 COLLATE=utf8mb4_unicode_ci ROW_FORMAT=DYNAMIC COMMENT='з§°еҸ·ж—Ҙеҝ—иЎЁ';
/*!40101 SET character_set_client = @saved_cs_client */;

--
-- Dumping data for table `title_log`
--

LOCK TABLES `title_log` WRITE;
/*!40000 ALTER TABLE `title_log` DISABLE KEYS */;
/*!40000 ALTER TABLE `title_log` ENABLE KEYS */;
UNLOCK TABLES;

--
-- Table structure for table `total_login_log`
--

DROP TABLE IF EXISTS `total_login_log`;
/*!40101 SET @saved_cs_client     = @@character_set_client */;
/*!40101 SET character_set_client = utf8 */;
CREATE TABLE `total_login_log` (
  `id` bigint(20) unsigned NOT NULL AUTO_INCREMENT COMMENT 'ID',
  `number` int(10) unsigned NOT NULL DEFAULT 0 COMMENT 'ж•°йҮҸ',
  `time` int(10) unsigned NOT NULL DEFAULT 0 COMMENT 'ж—¶й—ҙ',
  PRIMARY KEY (`id`) USING BTREE,
  KEY `time` (`time`) USING BTREE
) ENGINE=InnoDB DEFAULT CHARSET=utf8mb4 COLLATE=utf8mb4_unicode_ci ROW_FORMAT=DYNAMIC COMMENT='жҖ»зҷ»еҪ•ж—Ҙеҝ—';
/*!40101 SET character_set_client = @saved_cs_client */;

--
-- Dumping data for table `total_login_log`
--

LOCK TABLES `total_login_log` WRITE;
/*!40000 ALTER TABLE `total_login_log` DISABLE KEYS */;
/*!40000 ALTER TABLE `total_login_log` ENABLE KEYS */;
UNLOCK TABLES;

--
-- Table structure for table `total_online_log`
--

DROP TABLE IF EXISTS `total_online_log`;
/*!40101 SET @saved_cs_client     = @@character_set_client */;
/*!40101 SET character_set_client = utf8 */;
CREATE TABLE `total_online_log` (
  `id` bigint(20) unsigned NOT NULL AUTO_INCREMENT COMMENT 'ID',
  `role_id` bigint(20) unsigned NOT NULL DEFAULT 0 COMMENT 'и§’иүІID',
  `online_time` int(10) unsigned NOT NULL DEFAULT 0 COMMENT 'еңЁзәҝж—¶й•ҝ',
  `time` int(10) unsigned NOT NULL DEFAULT 0 COMMENT 'ж—¶й—ҙ',
  PRIMARY KEY (`id`) USING BTREE,
  KEY `time` (`time`) USING BTREE
) ENGINE=InnoDB DEFAULT CHARSET=utf8mb4 COLLATE=utf8mb4_unicode_ci ROW_FORMAT=DYNAMIC COMMENT='жҖ»еңЁзәҝж—¶й•ҝж—Ҙеҝ—';
/*!40101 SET character_set_client = @saved_cs_client */;

--
-- Dumping data for table `total_online_log`
--

LOCK TABLES `total_online_log` WRITE;
/*!40000 ALTER TABLE `total_online_log` DISABLE KEYS */;
/*!40000 ALTER TABLE `total_online_log` ENABLE KEYS */;
UNLOCK TABLES;

--
-- Table structure for table `validation_data`
--

DROP TABLE IF EXISTS `validation_data`;
/*!40101 SET @saved_cs_client     = @@character_set_client */;
/*!40101 SET character_set_client = utf8 */;
CREATE TABLE `validation_data` (
  `type` varchar(255) NOT NULL DEFAULT '' COMMENT 'зұ»еһӢ',
  `key` varchar(255) NOT NULL DEFAULT '' COMMENT 'й”®',
  `value` char(255) NOT NULL DEFAULT '' COMMENT 'еҖј',
  `description` char(255) NOT NULL DEFAULT '' COMMENT 'жҸҸиҝ°',
  PRIMARY KEY (`type`,`key`)
) ENGINE=InnoDB DEFAULT CHARSET=utf8mb4 COLLATE=utf8mb4_unicode_ci COMMENT='ж•°жҚ®ж ЎйӘҢй…ҚзҪ®иЎЁ';
/*!40101 SET character_set_client = @saved_cs_client */;

--
-- Dumping data for table `validation_data`
--

LOCK TABLES `validation_data` WRITE;
/*!40000 ALTER TABLE `validation_data` DISABLE KEYS */;
INSERT INTO `validation_data` VALUES ('act_script','enemy','ж•Ңдәә','еҠЁдҪңи„ҡжң¬'),('act_script','location','дҪҚзҪ®','еҠЁдҪңи„ҡжң¬'),('act_script','monster','жҖӘзү©','еҠЁдҪңи„ҡжң¬'),('act_script','role','зҺ©е®¶','еҠЁдҪңи„ҡжң¬'),('act_type','active','дё»еҠЁ','еҠЁдҪңзұ»еһӢ'),('act_type','fix','еӣәе®ҡ','еҠЁдҪңзұ»еһӢ'),('act_type','movable','з§»еҠЁ','еҠЁдҪңзұ»еһӢ'),('act_type','passive','иў«еҠЁ','еҠЁдҪңзұ»еһӢ'),('activity_service','','ж— ','жҙ»еҠЁзұ»еһӢ'),('activity_service','auction','жӢҚеҚ–','жҙ»еҠЁзұ»еһӢ'),('activity_service','boss','BOSS','жҙ»еҠЁзұ»еһӢ'),('asset','','ж— ','иө„дә§'),('asset','coin','зЎ¬еёҒ','иө„дә§'),('asset','copper','й“ңеёҒ','иө„дә§'),('asset','exp','з»ҸйӘҢ','иө„дә§'),('asset','gold','йҮ‘еёҒ','иө„дә§'),('asset','silver','й“¶еёҒ','иө„дә§'),('bool','0','еҗҰ','ж•°еӯ—еһӢеёғе°”еҖј'),('bool','1','жҳҜ','ж•°еӯ—еһӢеёғе°”еҖј'),('boolean','false','еҗҰ','еёғе°”еҖј'),('boolean','true','жҳҜ','еёғе°”еҖј'),('classes','0','ж— йҷҗеҲ¶','иҒҢдёҡ'),('classes','1','дёғжқҖ','иҒҢдёҡ'),('classes','2','еӨ©еёҲ','иҒҢдёҡ'),('classes','3','йЈһзҫҪ','иҒҢдёҡ'),('classes','4','еҫЎзҒө','иҒҢдёҡ'),('classes','5','еҰҷйҹі','иҒҢдёҡ'),('classes','6','жҳҹжңҜ','иҒҢдёҡ'),('compare','eq','зӯүдәҺ','жҜ”иҫғ'),('compare','ge','еӨ§дәҺзӯүдәҺ','жҜ”иҫғ'),('compare','gt','еӨ§дәҺ','жҜ”иҫғ'),('compare','le','е°ҸдәҺзӯүдәҺ','жҜ”иҫғ'),('compare','lt','е°ҸдәҺ','жҜ”иҫғ'),('compare','nc','дёҚжҜ”иҫғ','жҜ”иҫғ'),('compare','ne','дёҚзӯүдәҺ','жҜ”иҫғ'),('condition','classes','иҒҢдёҡ','жқЎд»¶'),('condition','level','зӯүзә§','жқЎд»¶'),('condition','sex','жҖ§еҲ«','жқЎд»¶'),('condition','vip','VIPзӯүзә§','жқЎд»¶'),('dungeon_type','0','ж— ','еүҜжң¬зұ»еһӢ'),('dungeon_type','1','з»ҸйӘҢеүҜжң¬','еүҜжң¬зұ»еһӢ'),('dungeon_type','2','й“ңеёҒеүҜжң¬','еүҜжң¬зұ»еһӢ'),('effect_attribute','asset','иө„дә§','ж•ҲжһңеұһжҖ§'),('effect_attribute','attribute','еұһжҖ§','ж•ҲжһңеұһжҖ§'),('effect_attribute','buff','Buff','ж•ҲжһңеұһжҖ§'),('effect_attribute','hurt','дјӨе®і','ж•ҲжһңеұһжҖ§'),('effect_attribute','skill','жҠҖиғҪ','ж•ҲжһңеұһжҖ§'),('effect_field','','ж— ','ж•Ҳжһңеӯ—ж®ө'),('effect_field','attack','ж”»еҮ»','ж•Ҳжһңеӯ—ж®ө'),('effect_field','copper','й“ңеёҒ','ж•Ҳжһңеӯ—ж®ө'),('effect_field','defense','йҳІеҫЎ','ж•Ҳжһңеӯ—ж®ө'),('effect_field','destroy','жҜҒзҒӯ','ж•Ҳжһңеӯ—ж®ө'),('effect_field','duck','й—ӘйҒҝ','ж•Ҳжһңеӯ—ж®ө'),('effect_field','exp','з»ҸйӘҢ','ж•Ҳжһңеӯ—ж®ө'),('effect_field','fc','жҲҳеҠӣ','ж•Ҳжһңеӯ—ж®ө'),('effect_field','freeze','еҶ°еҶ»','ж•Ҳжһңеӯ—ж®ө'),('effect_field','health','з”ҹе‘Ҫ','ж•Ҳжһңеӯ—ж®ө'),('effect_field','hit','е‘Ҫдёӯ','ж•Ҳжһңеӯ—ж®ө'),('effect_field','hp','иЎҖйҮҸ','ж•Ҳжһңеӯ—ж®ө'),('effect_field','vertigo','зң©жҷ•','ж•Ҳжһңеӯ—ж®ө'),('effect_object','mate','йҳҹеҸӢ','ж•ҲжһңеҜ№иұЎ'),('effect_object','rival','еҜ№ж–№','ж•ҲжһңеҜ№иұЎ'),('effect_object','self','иҮӘе·ұ','ж•ҲжһңеҜ№иұЎ'),('effect_operation','add','еўһеҠ ','ж•Ҳжһңж“ҚдҪң'),('effect_operation','clear','жё…йҷӨ','ж•Ҳжһңж“ҚдҪң'),('effect_operation','reduce','еҮҸе°‘','ж•Ҳжһңж“ҚдҪң'),('effect_operation','set','и®ҫзҪ®','ж•Ҳжһңж“ҚдҪң'),('effect_scope','battle','жҲҳж–—','ж•ҲжһңиҢғеӣҙ'),('effect_scope','user','зҺ©е®¶','ж•ҲжһңиҢғеӣҙ'),('effect_type','active','дё»еҠЁ','ж•Ҳжһңзұ»еһӢ'),('effect_type','buff','Buff','ж•Ҳжһңзұ»еһӢ'),('effect_type','passive','иў«еҠЁ','ж•Ҳжһңзұ»еһӢ'),('event','','ж— ','дәӢд»¶'),('event','event_add_friend','ж·»еҠ еҘҪеҸӢ','дәӢд»¶'),('event','event_dungeon_passed','йҖҡе…іеүҜжң¬','дәӢд»¶'),('event','event_friend_add','ж·»еҠ еҘҪеҸӢ','дәӢд»¶'),('event','event_guild_join','еҠ е…Ҙе…¬дјҡ','дәӢд»¶'),('event','event_kill_monster','жқҖжҖӘ','дәӢд»¶'),('event','event_level_upgrade','еҚҮзә§','дәӢд»¶'),('event','event_shop_buy','е•Ҷеә—иҙӯд№°','дәӢд»¶'),('function','','ж— ','еҠҹиғҪ'),('function','check_task','жЈҖжҹҘд»»еҠЎ','еҠҹиғҪ'),('function','start','ејҖе§Ӣ','еҠҹиғҪ'),('item_type','1','йҒ“е…·','зү©е“Ғзұ»еһӢ'),('item_type','10','иө„дә§','зү©е“Ғзұ»еһӢ'),('item_type','2','иЈ…еӨҮ','зү©е“Ғзұ»еһӢ'),('item_type','3','иә«дёҠ','зү©е“Ғзұ»еһӢ'),('item_type','4','д»“еә“','зү©е“Ғзұ»еһӢ'),('item_type','5','з¬Ұж–Ү','зү©е“Ғзұ»еһӢ'),('item_type','6','еҜ»е®қ','зү©е“Ғзұ»еһӢ'),('item_type','7','зҘһе…Ҫ','зү©е“Ғзұ»еһӢ'),('item_type','8','иҒҡйӯӮ','зү©е“Ғзұ»еһӢ'),('item_type','9','йҘ•йӨ®','зү©е“Ғзұ»еһӢ'),('map_rank_key','','ж— ','ең°еӣҫжҺ’иЎҢжҰңзұ»еһӢ'),('map_rank_key','camp','йҳөиҗҘ','ең°еӣҫжҺ’иЎҢжҰңзұ»еһӢ'),('map_rank_key','guild','е…¬дјҡ','ең°еӣҫжҺ’иЎҢжҰңзұ»еһӢ'),('map_rank_key','role','дёӘдәә','ең°еӣҫжҺ’иЎҢжҰңзұ»еһӢ'),('map_rank_key','team','йҳҹдјҚ','ең°еӣҫжҺ’иЎҢжҰңзұ»еһӢ'),('map_rank_mode','','дёҚз”ЁжҺ’иЎҢ','ең°еӣҫжҺ’иЎҢжҰңжЁЎејҸ'),('map_rank_mode','global','е…ЁеұҖ','ең°еӣҫжҺ’иЎҢжҰңжЁЎејҸ'),('map_rank_mode','local','дёҚе…ұдә«','ең°еӣҫжҺ’иЎҢжҰңжЁЎејҸ'),('map_rank_mode','share','е…ұдә«','ең°еӣҫжҺ’иЎҢжҰңжЁЎејҸ'),('map_rank_value','','ж— ','ең°еӣҫжҺ’иЎҢжҰңж•°еҖј'),('map_rank_value','hurt','дјӨе®і','ең°еӣҫжҺ’иЎҢжҰңж•°еҖј'),('map_type','full','е…Ёеӣҫ','ең°еӣҫзұ»еһӢ'),('map_type','slice','д№қе®«ж ј','ең°еӣҫзұ»еһӢ'),('module','','ж— ','жЁЎеқ—'),('module','auction_server','жӢҚеҚ–','жЁЎеқ—'),('module','boss_server','BOSS','жЁЎеқ—'),('module','dungeon_map','йҖҡз”ЁеүҜжң¬','жЁЎеқ—'),('module','friend','еҘҪеҸӢ','жЁЎеқ—'),('module','role','и§’иүІ','жЁЎеқ—'),('module','shop','е•Ҷеә—','жЁЎеқ—'),('node_type_atom','center','и·ЁжңҚ','иҠӮзӮ№'),('node_type_atom','center_world','и·ЁжңҚе’ҢеӨ§дё–з•Ң','иҠӮзӮ№'),('node_type_atom','local','жң¬ең°','иҠӮзӮ№'),('node_type_atom','local_center','жң¬ең°е’Ңи·ЁжңҚ','иҠӮзӮ№'),('node_type_atom','local_center_world','жң¬ең°е’Ңи·ЁжңҚе’ҢеӨ§дё–з•Ң','иҠӮзӮ№'),('node_type_atom','local_world','жң¬ең°е’ҢеӨ§дё–з•Ң','иҠӮзӮ№'),('node_type_atom','world','еӨ§дё–з•Ң','иҠӮзӮ№'),('node_type_integer','1','жң¬ең°','ж•°еӯ—еһӢиҠӮзӮ№'),('node_type_integer','2','и·ЁжңҚ','ж•°еӯ—еһӢиҠӮзӮ№'),('node_type_integer','3','жң¬ең°е’Ңи·ЁжңҚ','ж•°еӯ—еһӢиҠӮзӮ№'),('node_type_integer','4','еӨ§дё–з•Ң','ж•°еӯ—еһӢиҠӮзӮ№'),('node_type_integer','5','жң¬ең°е’ҢеӨ§дё–з•Ң','ж•°еӯ—еһӢиҠӮзӮ№'),('node_type_integer','6','и·ЁжңҚе’ҢеӨ§дё–з•Ң','ж•°еӯ—еһӢиҠӮзӮ№'),('node_type_integer','7','жң¬ең°е’Ңи·ЁжңҚе’ҢеӨ§дё–з•Ң','ж•°еӯ—еһӢиҠӮзӮ№'),('receive_type','auto','иҮӘеҠЁ','йўҶеҸ–зұ»еһӢ'),('receive_type','manual','жүӢеҠЁ','йўҶеҸ–зұ»еһӢ'),('sex','0','ж— йҷҗеҲ¶','жҖ§еҲ«'),('sex','1','з”·','жҖ§еҲ«'),('sex','2','еҘі','жҖ§еҲ«'),('skill_type','active','дё»еҠЁ','жҠҖиғҪзұ»еһӢ'),('skill_type','passive','иў«еҠЁ','жҠҖиғҪзұ»еһӢ'),('use_effect','','ж— ','дҪҝз”Ёж•Ҳжһң'),('use_effect','coin','зЎ¬еёҒ','дҪҝз”Ёж•Ҳжһң'),('use_effect','copper','й“ңеёҒ','дҪҝз”Ёж•Ҳжһң'),('use_effect','exp','з»ҸйӘҢ','дҪҝз”Ёж•Ҳжһң'),('use_effect','gold','йҮ‘еёҒ','дҪҝз”Ёж•Ҳжһң'),('use_effect','silver','й“¶еёҒ','дҪҝз”Ёж•Ҳжһң');
/*!40000 ALTER TABLE `validation_data` ENABLE KEYS */;
UNLOCK TABLES;

--
-- Table structure for table `vip`
--

DROP TABLE IF EXISTS `vip`;
/*!40101 SET @saved_cs_client     = @@character_set_client */;
/*!40101 SET character_set_client = utf8 */;
CREATE TABLE `vip` (
  `role_id` bigint(20) unsigned NOT NULL DEFAULT 0 COMMENT 'и§’иүІid',
  `vip_level` int(10) unsigned NOT NULL DEFAULT 0 COMMENT 'vipзӯүзә§',
  `exp` int(10) unsigned NOT NULL DEFAULT 0 COMMENT 'vipз»ҸйӘҢ',
  `expire_time` int(10) unsigned NOT NULL DEFAULT 0 COMMENT 'иҝҮжңҹж—¶й—ҙ',
  PRIMARY KEY (`role_id`) USING BTREE
) ENGINE=InnoDB DEFAULT CHARSET=utf8mb4 COLLATE=utf8mb4_unicode_ci ROW_FORMAT=DYNAMIC COMMENT='и§’иүІvipиЎЁ';
/*!40101 SET character_set_client = @saved_cs_client */;

--
-- Dumping data for table `vip`
--

LOCK TABLES `vip` WRITE;
/*!40000 ALTER TABLE `vip` DISABLE KEYS */;
/*!40000 ALTER TABLE `vip` ENABLE KEYS */;
UNLOCK TABLES;

--
-- Table structure for table `vip_data`
--

DROP TABLE IF EXISTS `vip_data`;
/*!40101 SET @saved_cs_client     = @@character_set_client */;
/*!40101 SET character_set_client = utf8 */;
CREATE TABLE `vip_data` (
  `vip_level` int(10) unsigned NOT NULL DEFAULT 0 COMMENT 'VIPзӯүзә§',
  `exp` int(10) unsigned NOT NULL DEFAULT 0 COMMENT 'з»ҸйӘҢ',
  PRIMARY KEY (`vip_level`) USING BTREE
) ENGINE=InnoDB DEFAULT CHARSET=utf8mb4 COLLATE=utf8mb4_unicode_ci ROW_FORMAT=DYNAMIC COMMENT='vipй…ҚзҪ®иЎЁ';
/*!40101 SET character_set_client = @saved_cs_client */;

--
-- Dumping data for table `vip_data`
--

LOCK TABLES `vip_data` WRITE;
/*!40000 ALTER TABLE `vip_data` DISABLE KEYS */;
INSERT INTO `vip_data` VALUES (1,6),(2,30),(3,100),(4,150),(5,300),(6,600),(7,1000),(8,2000),(9,3000),(10,5000),(11,10000),(12,30000),(13,60000),(14,100000),(15,200000);
/*!40000 ALTER TABLE `vip_data` ENABLE KEYS */;
UNLOCK TABLES;
/*!40103 SET TIME_ZONE=@OLD_TIME_ZONE */;

/*!40101 SET SQL_MODE=@OLD_SQL_MODE */;
/*!40014 SET FOREIGN_KEY_CHECKS=@OLD_FOREIGN_KEY_CHECKS */;
/*!40014 SET UNIQUE_CHECKS=@OLD_UNIQUE_CHECKS */;
/*!40101 SET CHARACTER_SET_CLIENT=@OLD_CHARACTER_SET_CLIENT */;
/*!40101 SET CHARACTER_SET_RESULTS=@OLD_CHARACTER_SET_RESULTS */;
/*!40101 SET COLLATION_CONNECTION=@OLD_COLLATION_CONNECTION */;
/*!40111 SET SQL_NOTES=@OLD_SQL_NOTES */;

-- Dump completed on 2024-01-30 17:41:20
